study,scenario_id,p,n1,n2,n1_over_n2,family,rho0,rho_alt,design,alternative,innovation,method,alpha,B,R,rejection_rate,mean_p_value,mean_statistic,median_statistic,mean_elapsed_sec,MCSE
study_size_unbalanced_ratio,size_unbalanced_chisq1_equicorrelation_100_120_60_rho0p5,100,120,60,2.0,equicorrelation,0.5,0.5,unbalanced_ratio_null_size,null,chisq1,Li-Chen,0.05,0,1000,0.218,0.5931932634526692,0.04750318833032947,-0.8125543826737243,0.0006520276030059904,0.0130566458173606
study_size_unbalanced_ratio,size_unbalanced_chisq1_equicorrelation_100_120_60_rho0p5,100,120,60,2.0,equicorrelation,0.5,0.5,unbalanced_ratio_null_size,null,chisq1,Max-bootstrap,0.05,500,1000,0.075,0.48669,2.9741141803331534,2.916792155462721,0.07559259819972794,0.008329165624478841
study_size_unbalanced_ratio,size_unbalanced_chisq1_equicorrelation_100_120_60_rho0p5,100,120,60,2.0,equicorrelation,0.5,0.5,unbalanced_ratio_null_size,null,chisq1,Ours-C(0.3),0.05,500,1000,0.078,0.40193599999999996,1.100456953229492,0.9217476816696555,0.082199883500929,0.008480330182251162
study_size_unbalanced_ratio,size_unbalanced_chisq1_equicorrelation_100_120_60_rho0p5,100,120,60,2.0,equicorrelation,0.5,0.5,unbalanced_ratio_null_size,null,chisq1,Ours-C(0.5),0.05,500,1000,0.082,0.429754,1.150287450571551,0.7869779306304283,0.08222112350026145,0.008676174272108648
study_size_unbalanced_ratio,size_unbalanced_chisq1_equicorrelation_100_120_60_rho0p5,100,120,60,2.0,equicorrelation,0.5,0.5,unbalanced_ratio_null_size,null,chisq1,Ours-C(0.7),0.05,500,1000,0.07,0.44786000000000004,1.1828239725616305,0.6811866124135781,0.08161278100020718,0.008068457101577725
study_size_unbalanced_ratio,size_unbalanced_chisq1_equicorrelation_100_120_60_rho0p5,100,120,60,2.0,equicorrelation,0.5,0.5,unbalanced_ratio_null_size,null,chisq1,Ours-I,0.05,500,1000,0.079,0.430286,1.154491876855108,0.7986448012191769,0.08178424079949036,0.008529888627643388
study_size_unbalanced_ratio,size_unbalanced_chisq1_equicorrelation_100_120_60_rho0p5,100,120,60,2.0,equicorrelation,0.5,0.5,unbalanced_ratio_null_size,null,chisq1,Wang-NR,0.05,0,1000,0.066,0.4328041203299607,35.82829768578502,-69.98117881564414,0.0016760839022463188,0.007851369307324678
study_size_unbalanced_ratio,size_unbalanced_chisq1_equicorrelation_100_180_60_rho0p5,100,180,60,3.0,equicorrelation,0.5,0.5,unbalanced_ratio_null_size,null,chisq1,Li-Chen,0.05,0,1000,0.192,0.6142738522692773,-0.2617680846477986,-0.8468996062125733,0.0008224799014860764,0.012455360291858283
study_size_unbalanced_ratio,size_unbalanced_chisq1_equicorrelation_100_180_60_rho0p5,100,180,60,3.0,equicorrelation,0.5,0.5,unbalanced_ratio_null_size,null,chisq1,Max-bootstrap,0.05,500,1000,0.118,0.442534,3.0692999742048586,2.9680112384387405,0.08167622319993097,0.01020176455325254
study_size_unbalanced_ratio,size_unbalanced_chisq1_equicorrelation_100_180_60_rho0p5,100,180,60,3.0,equicorrelation,0.5,0.5,unbalanced_ratio_null_size,null,chisq1,Ours-C(0.3),0.05,500,1000,0.108,0.39842,1.104785268407316,0.9202761481785127,0.08737744670303073,0.009815090422405696
study_size_unbalanced_ratio,size_unbalanced_chisq1_equicorrelation_100_180_60_rho0p5,100,180,60,3.0,equicorrelation,0.5,0.5,unbalanced_ratio_null_size,null,chisq1,Ours-C(0.5),0.05,500,1000,0.1,0.429286,1.1616083171613183,0.795260123931984,0.08740356500004418,0.009486832980505138
study_size_unbalanced_ratio,size_unbalanced_chisq1_equicorrelation_100_180_60_rho0p5,100,180,60,3.0,equicorrelation,0.5,0.5,unbalanced_ratio_null_size,null,chisq1,Ours-C(0.7),0.05,500,1000,0.095,0.448092,1.1994943159818388,0.6757250215188408,0.08704117559990845,0.00927227048785787
study_size_unbalanced_ratio,size_unbalanced_chisq1_equicorrelation_100_180_60_rho0p5,100,180,60,3.0,equicorrelation,0.5,0.5,unbalanced_ratio_null_size,null,chisq1,Ours-I,0.05,500,1000,0.096,0.429836,1.1669803221485358,0.8029698417396232,0.08706973139813635,0.009315793041926168
study_size_unbalanced_ratio,size_unbalanced_chisq1_equicorrelation_100_180_60_rho0p5,100,180,60,3.0,equicorrelation,0.5,0.5,unbalanced_ratio_null_size,null,chisq1,Wang-NR,0.05,0,1000,0.074,0.43887701512632166,-13.064991928539404,-74.0207601771313,0.0024487298014573755,0.00827792244467173
study_size_unbalanced_ratio,size_unbalanced_chisq1_equicorrelation_100_300_60_rho0p5,100,300,60,5.0,equicorrelation,0.5,0.5,unbalanced_ratio_null_size,null,chisq1,Li-Chen,0.05,0,1000,0.22,0.5935609003848565,-0.035288703884379324,-0.780993665067043,0.0024732303004711864,0.013099618315050252
study_size_unbalanced_ratio,size_unbalanced_chisq1_equicorrelation_100_300_60_rho0p5,100,300,60,5.0,equicorrelation,0.5,0.5,unbalanced_ratio_null_size,null,chisq1,Max-bootstrap,0.05,500,1000,0.244,0.342098,3.347848423355867,3.2059566950277008,0.10588152080192231,0.013581752464244074
study_size_unbalanced_ratio,size_unbalanced_chisq1_equicorrelation_100_300_60_rho0p5,100,300,60,5.0,equicorrelation,0.5,0.5,unbalanced_ratio_null_size,null,chisq1,Ours-C(0.3),0.05,500,1000,0.168,0.36347399999999996,1.2119024364291031,0.9659942946541756,0.1122003235995071,0.011822690049223147
study_size_unbalanced_ratio,size_unbalanced_chisq1_equicorrelation_100_300_60_rho0p5,100,300,60,5.0,equicorrelation,0.5,0.5,unbalanced_ratio_null_size,null,chisq1,Ours-C(0.5),0.05,500,1000,0.146,0.39948,1.3622687645935072,0.8330649279414128,0.11133557419932913,0.011166198995181842
study_size_unbalanced_ratio,size_unbalanced_chisq1_equicorrelation_100_300_60_rho0p5,100,300,60,5.0,equicorrelation,0.5,0.5,unbalanced_ratio_null_size,null,chisq1,Ours-C(0.7),0.05,500,1000,0.125,0.42532,1.4856261311638987,0.7002006979926754,0.11184141329827253,0.010458250331675944
study_size_unbalanced_ratio,size_unbalanced_chisq1_equicorrelation_100_300_60_rho0p5,100,300,60,5.0,equicorrelation,0.5,0.5,unbalanced_ratio_null_size,null,chisq1,Ours-I,0.05,500,1000,0.147,0.3984,1.3766159041431216,0.830596050499923,0.11126700289931614,0.011197812286335219
study_size_unbalanced_ratio,size_unbalanced_chisq1_equicorrelation_100_300_60_rho0p5,100,300,60,5.0,equicorrelation,0.5,0.5,unbalanced_ratio_null_size,null,chisq1,Wang-NR,0.05,0,1000,0.108,0.4171156977184173,16.724932380108978,-64.3412321599806,0.00690530500060413,0.009815090422405696
study_size_unbalanced_ratio,size_unbalanced_chisq1_equicorrelation_100_90_60_rho0p5,100,90,60,1.5,equicorrelation,0.5,0.5,unbalanced_ratio_null_size,null,chisq1,Li-Chen,0.05,0,1000,0.194,0.6137425776041873,-0.17397214851426984,-0.7729278894748208,0.0006439866995206103,0.012504559168559283
study_size_unbalanced_ratio,size_unbalanced_chisq1_equicorrelation_100_90_60_rho0p5,100,90,60,1.5,equicorrelation,0.5,0.5,unbalanced_ratio_null_size,null,chisq1,Max-bootstrap,0.05,500,1000,0.041,0.520162,2.8951868502608495,2.838918795402029,0.07499919050058816,0.006270486424512854
study_size_unbalanced_ratio,size_unbalanced_chisq1_equicorrelation_100_90_60_rho0p5,100,90,60,1.5,equicorrelation,0.5,0.5,unbalanced_ratio_null_size,null,chisq1,Ours-C(0.3),0.05,500,1000,0.053,0.41197,1.052972702808881,0.9267136208860798,0.08137316840235144,0.00708456067798138
study_size_unbalanced_ratio,size_unbalanced_chisq1_equicorrelation_100_90_60_rho0p5,100,90,60,1.5,equicorrelation,0.5,0.5,unbalanced_ratio_null_size,null,chisq1,Ours-C(0.5),0.05,500,1000,0.056,0.436828,1.0632212962858247,0.8052811221593743,0.08138709940295666,0.007270763371201128
study_size_unbalanced_ratio,size_unbalanced_chisq1_equicorrelation_100_90_60_rho0p5,100,90,60,1.5,equicorrelation,0.5,0.5,unbalanced_ratio_null_size,null,chisq1,Ours-C(0.7),0.05,500,1000,0.054,0.45109,1.0706268616788963,0.69393295786766,0.08133914489904419,0.007147307185227175
study_size_unbalanced_ratio,size_unbalanced_chisq1_equicorrelation_100_90_60_rho0p5,100,90,60,1.5,equicorrelation,0.5,0.5,unbalanced_ratio_null_size,null,chisq1,Ours-I,0.05,500,1000,0.066,0.44062799999999996,1.0592133266802075,0.8167834260302773,0.08083971189917065,0.007851369307324678
study_size_unbalanced_ratio,size_unbalanced_chisq1_equicorrelation_100_90_60_rho0p5,100,90,60,1.5,equicorrelation,0.5,0.5,unbalanced_ratio_null_size,null,chisq1,Wang-NR,0.05,0,1000,0.044,0.44009054487678634,-2.8242428322725233,-76.77371886500688,0.001349211101536639,0.006485676526007136
study_size_unbalanced_ratio,size_unbalanced_chisq1_equicorrelation_200_120_60_rho0p5,200,120,60,2.0,equicorrelation,0.5,0.5,unbalanced_ratio_null_size,null,chisq1,Li-Chen,0.05,0,1000,0.181,0.6269962664215514,-0.26116829102500166,-0.9234324382706667,0.000817881400231272,0.0121753439376471
study_size_unbalanced_ratio,size_unbalanced_chisq1_equicorrelation_200_120_60_rho0p5,200,120,60,2.0,equicorrelation,0.5,0.5,unbalanced_ratio_null_size,null,chisq1,Max-bootstrap,0.05,500,1000,0.056,0.52338,3.1404407601397923,3.0832218230418187,0.3318697556995321,0.007270763371201128
study_size_unbalanced_ratio,size_unbalanced_chisq1_equicorrelation_200_120_60_rho0p5,200,120,60,2.0,equicorrelation,0.5,0.5,unbalanced_ratio_null_size,null,chisq1,Ours-C(0.3),0.05,500,1000,0.062,0.420734,1.049263424948997,0.8894146332330708,0.36133242000150495,0.007626008130076967
study_size_unbalanced_ratio,size_unbalanced_chisq1_equicorrelation_200_120_60_rho0p5,200,120,60,2.0,equicorrelation,0.5,0.5,unbalanced_ratio_null_size,null,chisq1,Ours-C(0.5),0.05,500,1000,0.062,0.44420800000000005,1.0623480330542,0.7427245141662009,0.36269489269691985,0.007626008130076967
study_size_unbalanced_ratio,size_unbalanced_chisq1_equicorrelation_200_120_60_rho0p5,200,120,60,2.0,equicorrelation,0.5,0.5,unbalanced_ratio_null_size,null,chisq1,Ours-C(0.7),0.05,500,1000,0.058,0.460272,1.0708785493541297,0.6301455057841397,0.3589466957988916,0.007391616873188166
study_size_unbalanced_ratio,size_unbalanced_chisq1_equicorrelation_200_120_60_rho0p5,200,120,60,2.0,equicorrelation,0.5,0.5,unbalanced_ratio_null_size,null,chisq1,Ours-I,0.05,500,1000,0.065,0.447442,1.0621651461794823,0.7676129823635417,0.3553934972997522,0.007795832219846705
study_size_unbalanced_ratio,size_unbalanced_chisq1_equicorrelation_200_120_60_rho0p5,200,120,60,2.0,equicorrelation,0.5,0.5,unbalanced_ratio_null_size,null,chisq1,Wang-NR,0.05,0,1000,0.052,0.44816548163563247,-36.99581391527647,-337.9523408628488,0.0022594000009121375,0.007021111023192838
study_size_unbalanced_ratio,size_unbalanced_chisq1_equicorrelation_200_180_60_rho0p5,200,180,60,3.0,equicorrelation,0.5,0.5,unbalanced_ratio_null_size,null,chisq1,Li-Chen,0.05,0,1000,0.2,0.603168904758416,-0.14802578264073854,-0.7970654547078613,0.0011142189000966027,0.01264911064067352
study_size_unbalanced_ratio,size_unbalanced_chisq1_equicorrelation_200_180_60_rho0p5,200,180,60,3.0,equicorrelation,0.5,0.5,unbalanced_ratio_null_size,null,chisq1,Max-bootstrap,0.05,500,1000,0.103,0.449688,3.2789791559991683,3.2200811464607693,0.35441699939884713,0.009612023720320296
study_size_unbalanced_ratio,size_unbalanced_chisq1_equicorrelation_200_180_60_rho0p5,200,180,60,3.0,equicorrelation,0.5,0.5,unbalanced_ratio_null_size,null,chisq1,Ours-C(0.3),0.05,500,1000,0.106,0.38951800000000003,1.1014322449624452,0.9383897059602049,0.38380963709705973,0.009734680272099337
study_size_unbalanced_ratio,size_unbalanced_chisq1_equicorrelation_200_180_60_rho0p5,200,180,60,3.0,equicorrelation,0.5,0.5,unbalanced_ratio_null_size,null,chisq1,Ours-C(0.5),0.05,500,1000,0.098,0.41863799999999995,1.1708246301740217,0.8193710232677116,0.38255405809835064,0.009401914698613257
study_size_unbalanced_ratio,size_unbalanced_chisq1_equicorrelation_200_180_60_rho0p5,200,180,60,3.0,equicorrelation,0.5,0.5,unbalanced_ratio_null_size,null,chisq1,Ours-C(0.7),0.05,500,1000,0.093,0.437178,1.2239426723227012,0.7203140304941653,0.3815246123005636,0.009184280047995052
study_size_unbalanced_ratio,size_unbalanced_chisq1_equicorrelation_200_180_60_rho0p5,200,180,60,3.0,equicorrelation,0.5,0.5,unbalanced_ratio_null_size,null,chisq1,Ours-I,0.05,500,1000,0.099,0.41978,1.1788350907974243,0.8237844105327148,0.38152379949891474,0.009444522221901964
study_size_unbalanced_ratio,size_unbalanced_chisq1_equicorrelation_200_180_60_rho0p5,200,180,60,3.0,equicorrelation,0.5,0.5,unbalanced_ratio_null_size,null,chisq1,Wang-NR,0.05,0,1000,0.075,0.42959515257384717,3.986825794591934,-268.0294347557506,0.003618692100746557,0.008329165624478841
study_size_unbalanced_ratio,size_unbalanced_chisq1_equicorrelation_200_300_60_rho0p5,200,300,60,5.0,equicorrelation,0.5,0.5,unbalanced_ratio_null_size,null,chisq1,Li-Chen,0.05,0,1000,0.185,0.6118690187634255,-0.1671379439709408,-0.8390323500647682,0.0030461681010201572,0.012279047194306243
study_size_unbalanced_ratio,size_unbalanced_chisq1_equicorrelation_200_300_60_rho0p5,200,300,60,5.0,equicorrelation,0.5,0.5,unbalanced_ratio_null_size,null,chisq1,Max-bootstrap,0.05,500,1000,0.218,0.366732,3.488102727007268,3.3669477145741835,0.4140174925001338,0.0130566458173606
study_size_unbalanced_ratio,size_unbalanced_chisq1_equicorrelation_200_300_60_rho0p5,200,300,60,5.0,equicorrelation,0.5,0.5,unbalanced_ratio_null_size,null,chisq1,Ours-C(0.3),0.05,500,1000,0.14,0.376406,1.1437846723784677,0.9513854173767431,0.4390946382972179,0.010972693379476163
study_size_unbalanced_ratio,size_unbalanced_chisq1_equicorrelation_200_300_60_rho0p5,200,300,60,5.0,equicorrelation,0.5,0.5,unbalanced_ratio_null_size,null,chisq1,Ours-C(0.5),0.05,500,1000,0.123,0.410666,1.2458774364458924,0.8256650279583155,0.43886403760092796,0.010386096475577337
study_size_unbalanced_ratio,size_unbalanced_chisq1_equicorrelation_200_300_60_rho0p5,200,300,60,5.0,equicorrelation,0.5,0.5,unbalanced_ratio_null_size,null,chisq1,Ours-C(0.7),0.05,500,1000,0.113,0.43507999999999997,1.3303113296648623,0.7020953165742223,0.4358701570996782,0.01001154333756789
study_size_unbalanced_ratio,size_unbalanced_chisq1_equicorrelation_200_300_60_rho0p5,200,300,60,5.0,equicorrelation,0.5,0.5,unbalanced_ratio_null_size,null,chisq1,Ours-I,0.05,500,1000,0.118,0.41093799999999997,1.2557959945898718,0.8209348281812983,0.43562529689865187,0.01020176455325254
study_size_unbalanced_ratio,size_unbalanced_chisq1_equicorrelation_200_300_60_rho0p5,200,300,60,5.0,equicorrelation,0.5,0.5,unbalanced_ratio_null_size,null,chisq1,Wang-NR,0.05,0,1000,0.091,0.42908903021550365,-27.648999984882412,-276.1154116330254,0.00711539679847192,0.009094998625618368
study_size_unbalanced_ratio,size_unbalanced_chisq1_equicorrelation_200_90_60_rho0p5,200,90,60,1.5,equicorrelation,0.5,0.5,unbalanced_ratio_null_size,null,chisq1,Li-Chen,0.05,0,1000,0.188,0.6231545326671285,-0.19405628916068032,-0.9291753785504837,0.0007206002997700125,0.012355403676124872
study_size_unbalanced_ratio,size_unbalanced_chisq1_equicorrelation_200_90_60_rho0p5,200,90,60,1.5,equicorrelation,0.5,0.5,unbalanced_ratio_null_size,null,chisq1,Max-bootstrap,0.05,500,1000,0.049,0.533072,3.1226118103211755,3.050141537045543,0.30499813599768094,0.006826346021115542
study_size_unbalanced_ratio,size_unbalanced_chisq1_equicorrelation_200_90_60_rho0p5,200,90,60,1.5,equicorrelation,0.5,0.5,unbalanced_ratio_null_size,null,chisq1,Ours-C(0.3),0.05,500,1000,0.054,0.430788,1.055096062171661,0.8519658430977406,0.3354429597030394,0.007147307185227175
study_size_unbalanced_ratio,size_unbalanced_chisq1_equicorrelation_200_90_60_rho0p5,200,90,60,1.5,equicorrelation,0.5,0.5,unbalanced_ratio_null_size,null,chisq1,Ours-C(0.5),0.05,500,1000,0.058,0.45206,1.0637135670342535,0.717122900544066,0.33558104099845515,0.007391616873188166
study_size_unbalanced_ratio,size_unbalanced_chisq1_equicorrelation_200_90_60_rho0p5,200,90,60,1.5,equicorrelation,0.5,0.5,unbalanced_ratio_null_size,null,chisq1,Ours-C(0.7),0.05,500,1000,0.057,0.466098,1.067828708687354,0.6243649571830663,0.3319671059984248,0.007331507348424334
study_size_unbalanced_ratio,size_unbalanced_chisq1_equicorrelation_200_90_60_rho0p5,200,90,60,1.5,equicorrelation,0.5,0.5,unbalanced_ratio_null_size,null,chisq1,Ours-I,0.05,500,1000,0.058,0.44818,1.0574732858837534,0.7655160772769071,0.3318524043004727,0.007391616873188166
study_size_unbalanced_ratio,size_unbalanced_chisq1_equicorrelation_200_90_60_rho0p5,200,90,60,1.5,equicorrelation,0.5,0.5,unbalanced_ratio_null_size,null,chisq1,Wang-NR,0.05,0,1000,0.049,0.4482228588205419,-11.926078986160208,-366.719864574257,0.0018601418018806726,0.006826346021115542
study_size_unbalanced_ratio,size_unbalanced_chisq1_toeplitz_100_120_60_rho0p5,100,120,60,2.0,toeplitz,0.5,0.5,unbalanced_ratio_null_size,null,chisq1,Li-Chen,0.05,0,1000,0.094,0.5112862778528073,-0.024962834286402072,-0.05118562780611198,0.000599223802331835,0.009228434320078352
study_size_unbalanced_ratio,size_unbalanced_chisq1_toeplitz_100_120_60_rho0p5,100,120,60,2.0,toeplitz,0.5,0.5,unbalanced_ratio_null_size,null,chisq1,Max-bootstrap,0.05,500,1000,0.019,0.54691,3.6505209620334194,3.595629564400041,0.07465122279908974,0.004317290817167636
study_size_unbalanced_ratio,size_unbalanced_chisq1_toeplitz_100_120_60_rho0p5,100,120,60,2.0,toeplitz,0.5,0.5,unbalanced_ratio_null_size,null,chisq1,Ours-C(0.3),0.05,500,1000,0.067,0.39741000000000004,1.059606325134315,0.970419746119001,0.08119573850056622,0.007906389820898032
study_size_unbalanced_ratio,size_unbalanced_chisq1_toeplitz_100_120_60_rho0p5,100,120,60,2.0,toeplitz,0.5,0.5,unbalanced_ratio_null_size,null,chisq1,Ours-C(0.5),0.05,500,1000,0.068,0.437632,1.0697566273651016,0.8405751303498723,0.08119970940146595,0.007960904471226871
study_size_unbalanced_ratio,size_unbalanced_chisq1_toeplitz_100_120_60_rho0p5,100,120,60,2.0,toeplitz,0.5,0.5,unbalanced_ratio_null_size,null,chisq1,Ours-C(0.7),0.05,500,1000,0.066,0.463652,1.0705143449356227,0.6939285201264411,0.08048571660090238,0.007851369307324678
study_size_unbalanced_ratio,size_unbalanced_chisq1_toeplitz_100_120_60_rho0p5,100,120,60,2.0,toeplitz,0.5,0.5,unbalanced_ratio_null_size,null,chisq1,Ours-I,0.05,500,1000,0.0,0.36267200000000005,1.0430826833860507,1.0433961118250772,0.08081321049842517,0.0
study_size_unbalanced_ratio,size_unbalanced_chisq1_toeplitz_100_120_60_rho0p5,100,120,60,2.0,toeplitz,0.5,0.5,unbalanced_ratio_null_size,null,chisq1,Wang-NR,0.05,0,1000,0.0,0.41011242150408345,4.30554544501782,4.0043209533636315,0.001522481600753963,0.0
study_size_unbalanced_ratio,size_unbalanced_chisq1_toeplitz_100_180_60_rho0p5,100,180,60,3.0,toeplitz,0.5,0.5,unbalanced_ratio_null_size,null,chisq1,Li-Chen,0.05,0,1000,0.083,0.5054246499056012,-0.009440597985934112,-0.051170057660875935,0.0007652532000793144,0.008724161850859944
study_size_unbalanced_ratio,size_unbalanced_chisq1_toeplitz_100_180_60_rho0p5,100,180,60,3.0,toeplitz,0.5,0.5,unbalanced_ratio_null_size,null,chisq1,Max-bootstrap,0.05,500,1000,0.046,0.460266,3.748591793782614,3.7030251953363393,0.0822224963986082,0.006624499981130651
study_size_unbalanced_ratio,size_unbalanced_chisq1_toeplitz_100_180_60_rho0p5,100,180,60,3.0,toeplitz,0.5,0.5,unbalanced_ratio_null_size,null,chisq1,Ours-C(0.3),0.05,500,1000,0.091,0.377378,1.0991890057863538,0.9909035311475072,0.08794009060051758,0.009094998625618368
study_size_unbalanced_ratio,size_unbalanced_chisq1_toeplitz_100_180_60_rho0p5,100,180,60,3.0,toeplitz,0.5,0.5,unbalanced_ratio_null_size,null,chisq1,Ours-C(0.5),0.05,500,1000,0.093,0.41861000000000004,1.1411967716664038,0.8735768086595852,0.08765460899996105,0.009184280047995052
study_size_unbalanced_ratio,size_unbalanced_chisq1_toeplitz_100_180_60_rho0p5,100,180,60,3.0,toeplitz,0.5,0.5,unbalanced_ratio_null_size,null,chisq1,Ours-C(0.7),0.05,500,1000,0.085,0.45061,1.1671379198692076,0.717769743016484,0.08731317299581133,0.008819013550278738
study_size_unbalanced_ratio,size_unbalanced_chisq1_toeplitz_100_180_60_rho0p5,100,180,60,3.0,toeplitz,0.5,0.5,unbalanced_ratio_null_size,null,chisq1,Ours-I,0.05,500,1000,0.0,0.33538799999999996,1.0555132064120176,1.0564440069820042,0.08715608200524003,0.0
study_size_unbalanced_ratio,size_unbalanced_chisq1_toeplitz_100_180_60_rho0p5,100,180,60,3.0,toeplitz,0.5,0.5,unbalanced_ratio_null_size,null,chisq1,Wang-NR,0.05,0,1000,0.0,0.40499336144794507,3.9152722018884734,3.3911827873720313,0.0023272798003163187,0.0
study_size_unbalanced_ratio,size_unbalanced_chisq1_toeplitz_100_300_60_rho0p5,100,300,60,5.0,toeplitz,0.5,0.5,unbalanced_ratio_null_size,null,chisq1,Li-Chen,0.05,0,1000,0.087,0.5102953138508726,-0.01621742995496594,-0.012557097095780876,0.0022996256984770297,0.00891240708226459
study_size_unbalanced_ratio,size_unbalanced_chisq1_toeplitz_100_300_60_rho0p5,100,300,60,5.0,toeplitz,0.5,0.5,unbalanced_ratio_null_size,null,chisq1,Max-bootstrap,0.05,500,1000,0.181,0.28562400000000004,4.003437260970417,3.927302482472787,0.09771915220154916,0.0121753439376471
study_size_unbalanced_ratio,size_unbalanced_chisq1_toeplitz_100_300_60_rho0p5,100,300,60,5.0,toeplitz,0.5,0.5,unbalanced_ratio_null_size,null,chisq1,Ours-C(0.3),0.05,500,1000,0.142,0.34174400000000005,1.1602942540961376,1.0221997209155198,0.10278963349934202,0.011037934589405754
study_size_unbalanced_ratio,size_unbalanced_chisq1_toeplitz_100_300_60_rho0p5,100,300,60,5.0,toeplitz,0.5,0.5,unbalanced_ratio_null_size,null,chisq1,Ours-C(0.5),0.05,500,1000,0.128,0.39317,1.235707052727034,0.906401305943968,0.10293099389981944,0.010564847372300274
study_size_unbalanced_ratio,size_unbalanced_chisq1_toeplitz_100_300_60_rho0p5,100,300,60,5.0,toeplitz,0.5,0.5,unbalanced_ratio_null_size,null,chisq1,Ours-C(0.7),0.05,500,1000,0.107,0.430276,1.2887594803686357,0.7710410330418167,0.1028252309015952,0.009775019181566858
study_size_unbalanced_ratio,size_unbalanced_chisq1_toeplitz_100_300_60_rho0p5,100,300,60,5.0,toeplitz,0.5,0.5,unbalanced_ratio_null_size,null,chisq1,Ours-I,0.05,500,1000,0.0,0.29957,1.0771938596694532,1.0752574741908592,0.10254527339921334,0.0
study_size_unbalanced_ratio,size_unbalanced_chisq1_toeplitz_100_300_60_rho0p5,100,300,60,5.0,toeplitz,0.5,0.5,unbalanced_ratio_null_size,null,chisq1,Wang-NR,0.05,0,1000,0.0,0.40522941349087815,3.6024124180271397,3.5193244961900803,0.005588522999314591,0.0
study_size_unbalanced_ratio,size_unbalanced_chisq1_toeplitz_100_90_60_rho0p5,100,90,60,1.5,toeplitz,0.5,0.5,unbalanced_ratio_null_size,null,chisq1,Li-Chen,0.05,0,1000,0.084,0.5057494699529176,-0.02222869649568444,-0.004795936418889053,0.0005438468967331573,0.008771772910877254
study_size_unbalanced_ratio,size_unbalanced_chisq1_toeplitz_100_90_60_rho0p5,100,90,60,1.5,toeplitz,0.5,0.5,unbalanced_ratio_null_size,null,chisq1,Max-bootstrap,0.05,500,1000,0.016,0.559608,3.6318481335205357,3.5976666323413715,0.07537077040004078,0.003967870965643918
study_size_unbalanced_ratio,size_unbalanced_chisq1_toeplitz_100_90_60_rho0p5,100,90,60,1.5,toeplitz,0.5,0.5,unbalanced_ratio_null_size,null,chisq1,Ours-C(0.3),0.05,500,1000,0.064,0.402202,1.0553573833250178,0.9621354062387384,0.08121693229884841,0.007739767438366608
study_size_unbalanced_ratio,size_unbalanced_chisq1_toeplitz_100_90_60_rho0p5,100,90,60,1.5,toeplitz,0.5,0.5,unbalanced_ratio_null_size,null,chisq1,Ours-C(0.5),0.05,500,1000,0.071,0.43668599999999996,1.0678236332121163,0.8367901468192639,0.08125300390005577,0.008121514637061242
study_size_unbalanced_ratio,size_unbalanced_chisq1_toeplitz_100_90_60_rho0p5,100,90,60,1.5,toeplitz,0.5,0.5,unbalanced_ratio_null_size,null,chisq1,Ours-C(0.7),0.05,500,1000,0.065,0.458804,1.0759782071193063,0.7054970935576581,0.08056307790137361,0.007795832219846705
study_size_unbalanced_ratio,size_unbalanced_chisq1_toeplitz_100_90_60_rho0p5,100,90,60,1.5,toeplitz,0.5,0.5,unbalanced_ratio_null_size,null,chisq1,Ours-I,0.05,500,1000,0.0,0.371986,1.0398680202782082,1.0393593153509046,0.08051474029861856,0.0
study_size_unbalanced_ratio,size_unbalanced_chisq1_toeplitz_100_90_60_rho0p5,100,90,60,1.5,toeplitz,0.5,0.5,unbalanced_ratio_null_size,null,chisq1,Wang-NR,0.05,0,1000,0.0,0.4065873950064202,5.002828668657418,4.885888407648835,0.001184670097194612,0.0
study_size_unbalanced_ratio,size_unbalanced_chisq1_toeplitz_200_120_60_rho0p5,200,120,60,2.0,toeplitz,0.5,0.5,unbalanced_ratio_null_size,null,chisq1,Li-Chen,0.05,0,1000,0.059,0.5021359849194473,-0.022394208097153596,0.04954731124760842,0.0009298034989042208,0.007451107300260815
study_size_unbalanced_ratio,size_unbalanced_chisq1_toeplitz_200_120_60_rho0p5,200,120,60,2.0,toeplitz,0.5,0.5,unbalanced_ratio_null_size,null,chisq1,Max-bootstrap,0.05,500,1000,0.012,0.574144,3.9312128160742907,3.899653527424819,0.3410102040985366,0.003443254274665175
study_size_unbalanced_ratio,size_unbalanced_chisq1_toeplitz_200_120_60_rho0p5,200,120,60,2.0,toeplitz,0.5,0.5,unbalanced_ratio_null_size,null,chisq1,Ours-C(0.3),0.05,500,1000,0.064,0.416388,1.0484553672916785,0.9369349728683478,0.3733739306005882,0.007739767438366608
study_size_unbalanced_ratio,size_unbalanced_chisq1_toeplitz_200_120_60_rho0p5,200,120,60,2.0,toeplitz,0.5,0.5,unbalanced_ratio_null_size,null,chisq1,Ours-C(0.5),0.05,500,1000,0.063,0.449844,1.0580651903783829,0.8041912177969128,0.37360434110159985,0.007683163410991596
study_size_unbalanced_ratio,size_unbalanced_chisq1_toeplitz_200_120_60_rho0p5,200,120,60,2.0,toeplitz,0.5,0.5,unbalanced_ratio_null_size,null,chisq1,Ours-C(0.7),0.05,500,1000,0.065,0.47204,1.0615887439142955,0.6639031689126536,0.37262822710035837,0.007795832219846705
study_size_unbalanced_ratio,size_unbalanced_chisq1_toeplitz_200_120_60_rho0p5,200,120,60,2.0,toeplitz,0.5,0.5,unbalanced_ratio_null_size,null,chisq1,Ours-I,0.05,500,1000,0.0,0.361286,1.04029212119074,1.040039303738494,0.37075058969901875,0.0
study_size_unbalanced_ratio,size_unbalanced_chisq1_toeplitz_200_120_60_rho0p5,200,120,60,2.0,toeplitz,0.5,0.5,unbalanced_ratio_null_size,null,chisq1,Wang-NR,0.05,0,1000,0.0,0.393581927025778,15.480197662255007,16.295480593408513,0.002684677101438865,0.0
study_size_unbalanced_ratio,size_unbalanced_chisq1_toeplitz_200_180_60_rho0p5,200,180,60,3.0,toeplitz,0.5,0.5,unbalanced_ratio_null_size,null,chisq1,Li-Chen,0.05,0,1000,0.075,0.5108068139987665,-0.035285670170717445,-0.020980878406636837,0.0013541245982050896,0.008329165624478841
study_size_unbalanced_ratio,size_unbalanced_chisq1_toeplitz_200_180_60_rho0p5,200,180,60,3.0,toeplitz,0.5,0.5,unbalanced_ratio_null_size,null,chisq1,Max-bootstrap,0.05,500,1000,0.031,0.48882,4.020599374377719,3.9791520849486597,0.36922931880003307,0.0054807846153630225
study_size_unbalanced_ratio,size_unbalanced_chisq1_toeplitz_200_180_60_rho0p5,200,180,60,3.0,toeplitz,0.5,0.5,unbalanced_ratio_null_size,null,chisq1,Ours-C(0.3),0.05,500,1000,0.097,0.388346,1.0822325936467403,0.9607247604795113,0.407771503400174,0.00935900635751467
study_size_unbalanced_ratio,size_unbalanced_chisq1_toeplitz_200_180_60_rho0p5,200,180,60,3.0,toeplitz,0.5,0.5,unbalanced_ratio_null_size,null,chisq1,Ours-C(0.5),0.05,500,1000,0.098,0.424468,1.1302265494650336,0.8531134646165472,0.4067361851996975,0.009401914698613257
study_size_unbalanced_ratio,size_unbalanced_chisq1_toeplitz_200_180_60_rho0p5,200,180,60,3.0,toeplitz,0.5,0.5,unbalanced_ratio_null_size,null,chisq1,Ours-C(0.7),0.05,500,1000,0.089,0.449332,1.1730381852938683,0.7142575605733322,0.4042781743982341,0.00900438781928011
study_size_unbalanced_ratio,size_unbalanced_chisq1_toeplitz_200_180_60_rho0p5,200,180,60,3.0,toeplitz,0.5,0.5,unbalanced_ratio_null_size,null,chisq1,Ours-I,0.05,500,1000,0.0,0.345252,1.0477528385459078,1.0471785949603378,0.4018471267988207,0.0
study_size_unbalanced_ratio,size_unbalanced_chisq1_toeplitz_200_180_60_rho0p5,200,180,60,3.0,toeplitz,0.5,0.5,unbalanced_ratio_null_size,null,chisq1,Wang-NR,0.05,0,1000,0.0,0.39637120433819134,13.570738531158637,13.558057372563496,0.004582937000785023,0.0
study_size_unbalanced_ratio,size_unbalanced_chisq1_toeplitz_200_300_60_rho0p5,200,300,60,5.0,toeplitz,0.5,0.5,unbalanced_ratio_null_size,null,chisq1,Li-Chen,0.05,0,1000,0.089,0.48997500310151976,0.050315270486756165,0.011598446728069485,0.0031674150995677336,0.00900438781928011
study_size_unbalanced_ratio,size_unbalanced_chisq1_toeplitz_200_300_60_rho0p5,200,300,60,5.0,toeplitz,0.5,0.5,unbalanced_ratio_null_size,null,chisq1,Max-bootstrap,0.05,500,1000,0.187,0.271712,4.3222620347185545,4.262317263728873,0.4183441281015985,0.012330085157856777
study_size_unbalanced_ratio,size_unbalanced_chisq1_toeplitz_200_300_60_rho0p5,200,300,60,5.0,toeplitz,0.5,0.5,unbalanced_ratio_null_size,null,chisq1,Ours-C(0.3),0.05,500,1000,0.102,0.380158,1.0911154361044433,0.9713683736841622,0.44385699489794206,0.009570579919733181
study_size_unbalanced_ratio,size_unbalanced_chisq1_toeplitz_200_300_60_rho0p5,200,300,60,5.0,toeplitz,0.5,0.5,unbalanced_ratio_null_size,null,chisq1,Ours-C(0.5),0.05,500,1000,0.091,0.42457999999999996,1.121859026264509,0.8389191153057307,0.44232867370115125,0.009094998625618368
study_size_unbalanced_ratio,size_unbalanced_chisq1_toeplitz_200_300_60_rho0p5,200,300,60,5.0,toeplitz,0.5,0.5,unbalanced_ratio_null_size,null,chisq1,Ours-C(0.7),0.05,500,1000,0.074,0.458352,1.135769653099965,0.7005551601798943,0.44003690980002286,0.00827792244467173
study_size_unbalanced_ratio,size_unbalanced_chisq1_toeplitz_200_300_60_rho0p5,200,300,60,5.0,toeplitz,0.5,0.5,unbalanced_ratio_null_size,null,chisq1,Ours-I,0.05,500,1000,0.0,0.318446,1.0634019574164302,1.063727622305028,0.4403962125006365,0.0
study_size_unbalanced_ratio,size_unbalanced_chisq1_toeplitz_200_300_60_rho0p5,200,300,60,5.0,toeplitz,0.5,0.5,unbalanced_ratio_null_size,null,chisq1,Wang-NR,0.05,0,1000,0.0,0.3906597423829764,13.812438645408793,13.342006667634962,0.007213029301376082,0.0
study_size_unbalanced_ratio,size_unbalanced_chisq1_toeplitz_200_90_60_rho0p5,200,90,60,1.5,toeplitz,0.5,0.5,unbalanced_ratio_null_size,null,chisq1,Li-Chen,0.05,0,1000,0.076,0.5009505893505711,0.008649693155751223,-0.02549906701757474,0.0007745650035794825,0.008379976133617566
study_size_unbalanced_ratio,size_unbalanced_chisq1_toeplitz_200_90_60_rho0p5,200,90,60,1.5,toeplitz,0.5,0.5,unbalanced_ratio_null_size,null,chisq1,Max-bootstrap,0.05,500,1000,0.016,0.5810080000000001,3.9190603598436207,3.8865102373171805,0.3217033044010168,0.003967870965643918
study_size_unbalanced_ratio,size_unbalanced_chisq1_toeplitz_200_90_60_rho0p5,200,90,60,1.5,toeplitz,0.5,0.5,unbalanced_ratio_null_size,null,chisq1,Ours-C(0.3),0.05,500,1000,0.065,0.41210199999999997,1.0625625040108704,0.935875108777962,0.35391065540106503,0.007795832219846705
study_size_unbalanced_ratio,size_unbalanced_chisq1_toeplitz_200_90_60_rho0p5,200,90,60,1.5,toeplitz,0.5,0.5,unbalanced_ratio_null_size,null,chisq1,Ours-C(0.5),0.05,500,1000,0.065,0.441612,1.086229916233032,0.8184655143670125,0.3537942566996207,0.007795832219846705
study_size_unbalanced_ratio,size_unbalanced_chisq1_toeplitz_200_90_60_rho0p5,200,90,60,1.5,toeplitz,0.5,0.5,unbalanced_ratio_null_size,null,chisq1,Ours-C(0.7),0.05,500,1000,0.061,0.45898,1.1053936424323032,0.6996960387266666,0.3525772313043708,0.0075682891065286355
study_size_unbalanced_ratio,size_unbalanced_chisq1_toeplitz_200_90_60_rho0p5,200,90,60,1.5,toeplitz,0.5,0.5,unbalanced_ratio_null_size,null,chisq1,Ours-I,0.05,500,1000,0.0,0.368938,1.038339689653634,1.037979990257346,0.35066534769919233,0.0
study_size_unbalanced_ratio,size_unbalanced_chisq1_toeplitz_200_90_60_rho0p5,200,90,60,1.5,toeplitz,0.5,0.5,unbalanced_ratio_null_size,null,chisq1,Wang-NR,0.05,0,1000,0.0,0.3890956416869995,18.5501667115644,17.747130319970267,0.0019817063976079225,0.0
study_size_unbalanced_ratio,size_unbalanced_gaussian_equicorrelation_100_120_60_rho0p5,100,120,60,2.0,equicorrelation,0.5,0.5,unbalanced_ratio_null_size,null,gaussian,Li-Chen,0.05,0,1000,0.1,0.5783629732146993,-0.04735653344477178,-0.4703560620477485,0.0006631483992096036,0.009486832980505138
study_size_unbalanced_ratio,size_unbalanced_gaussian_equicorrelation_100_120_60_rho0p5,100,120,60,2.0,equicorrelation,0.5,0.5,unbalanced_ratio_null_size,null,gaussian,Max-bootstrap,0.05,500,1000,0.141,0.373268,3.4652247537449132,3.3852379765707994,0.07631361929955892,0.011005407761641547
study_size_unbalanced_ratio,size_unbalanced_gaussian_equicorrelation_100_120_60_rho0p5,100,120,60,2.0,equicorrelation,0.5,0.5,unbalanced_ratio_null_size,null,gaussian,Ours-C(0.3),0.05,500,1000,0.065,0.401652,1.0535549087025617,0.9720378206002231,0.08246842600102536,0.007795832219846705
study_size_unbalanced_ratio,size_unbalanced_gaussian_equicorrelation_100_120_60_rho0p5,100,120,60,2.0,equicorrelation,0.5,0.5,unbalanced_ratio_null_size,null,gaussian,Ours-C(0.5),0.05,500,1000,0.07,0.440612,1.0621944504847667,0.8457059370508154,0.0825800557024777,0.008068457101577725
study_size_unbalanced_ratio,size_unbalanced_gaussian_equicorrelation_100_120_60_rho0p5,100,120,60,2.0,equicorrelation,0.5,0.5,unbalanced_ratio_null_size,null,gaussian,Ours-C(0.7),0.05,500,1000,0.066,0.466404,1.0658140079826937,0.7028023715870444,0.08199761550046969,0.007851369307324678
study_size_unbalanced_ratio,size_unbalanced_gaussian_equicorrelation_100_120_60_rho0p5,100,120,60,2.0,equicorrelation,0.5,0.5,unbalanced_ratio_null_size,null,gaussian,Ours-I,0.05,500,1000,0.069,0.44416,1.058808231633651,0.8481453510972436,0.08192811760155018,0.008014923580421713
study_size_unbalanced_ratio,size_unbalanced_gaussian_equicorrelation_100_120_60_rho0p5,100,120,60,2.0,equicorrelation,0.5,0.5,unbalanced_ratio_null_size,null,gaussian,Wang-NR,0.05,0,1000,0.058,0.46465231735097784,-0.06690331891927152,-52.1702091489181,0.0016687451982870698,0.007391616873188166
study_size_unbalanced_ratio,size_unbalanced_gaussian_equicorrelation_100_180_60_rho0p5,100,180,60,3.0,equicorrelation,0.5,0.5,unbalanced_ratio_null_size,null,gaussian,Li-Chen,0.05,0,1000,0.11,0.5593443637286218,0.02822829398931267,-0.4617117356452998,0.0008327694986946881,0.009894442884771228
study_size_unbalanced_ratio,size_unbalanced_gaussian_equicorrelation_100_180_60_rho0p5,100,180,60,3.0,equicorrelation,0.5,0.5,unbalanced_ratio_null_size,null,gaussian,Max-bootstrap,0.05,500,1000,0.219,0.306878,3.6435531934160386,3.5435630920876693,0.08445527789869811,0.013078187947877183
study_size_unbalanced_ratio,size_unbalanced_gaussian_equicorrelation_100_180_60_rho0p5,100,180,60,3.0,equicorrelation,0.5,0.5,unbalanced_ratio_null_size,null,gaussian,Ours-C(0.3),0.05,500,1000,0.095,0.38048200000000004,1.0871513630252119,0.9848542098848581,0.08959512109833304,0.00927227048785787
study_size_unbalanced_ratio,size_unbalanced_gaussian_equicorrelation_100_180_60_rho0p5,100,180,60,3.0,equicorrelation,0.5,0.5,unbalanced_ratio_null_size,null,gaussian,Ours-C(0.5),0.05,500,1000,0.104,0.416894,1.1416279104654772,0.86207144618486,0.08960660189692862,0.009653186002558949
study_size_unbalanced_ratio,size_unbalanced_gaussian_equicorrelation_100_180_60_rho0p5,100,180,60,3.0,equicorrelation,0.5,0.5,unbalanced_ratio_null_size,null,gaussian,Ours-C(0.7),0.05,500,1000,0.092,0.445204,1.1928477890556344,0.7236858468476571,0.08945587509835605,0.00913980306133562
study_size_unbalanced_ratio,size_unbalanced_gaussian_equicorrelation_100_180_60_rho0p5,100,180,60,3.0,equicorrelation,0.5,0.5,unbalanced_ratio_null_size,null,gaussian,Ours-I,0.05,500,1000,0.094,0.415192,1.143306561919348,0.867068373454869,0.08919078890013042,0.009228434320078352
study_size_unbalanced_ratio,size_unbalanced_gaussian_equicorrelation_100_180_60_rho0p5,100,180,60,3.0,equicorrelation,0.5,0.5,unbalanced_ratio_null_size,null,gaussian,Wang-NR,0.05,0,1000,0.073,0.4431019499215975,10.176159605659644,-45.58536113937424,0.0025072949002496897,0.008226238508577295
study_size_unbalanced_ratio,size_unbalanced_gaussian_equicorrelation_100_300_60_rho0p5,100,300,60,5.0,equicorrelation,0.5,0.5,unbalanced_ratio_null_size,null,gaussian,Li-Chen,0.05,0,1000,0.098,0.5729582348793937,-0.053748376600235764,-0.5113296334604567,0.002117924400954507,0.009401914698613257
study_size_unbalanced_ratio,size_unbalanced_gaussian_equicorrelation_100_300_60_rho0p5,100,300,60,5.0,equicorrelation,0.5,0.5,unbalanced_ratio_null_size,null,gaussian,Max-bootstrap,0.05,500,1000,0.333,0.250664,3.8212665824752667,3.6740064408195874,0.10107188280054834,0.014903388876359632
study_size_unbalanced_ratio,size_unbalanced_gaussian_equicorrelation_100_300_60_rho0p5,100,300,60,5.0,equicorrelation,0.5,0.5,unbalanced_ratio_null_size,null,gaussian,Ours-C(0.3),0.05,500,1000,0.1,0.37049400000000005,1.0932155554265726,0.9995699501889261,0.1057379355012672,0.009486832980505138
study_size_unbalanced_ratio,size_unbalanced_gaussian_equicorrelation_100_300_60_rho0p5,100,300,60,5.0,equicorrelation,0.5,0.5,unbalanced_ratio_null_size,null,gaussian,Ours-C(0.5),0.05,500,1000,0.099,0.41706400000000005,1.1404420287730173,0.8694847915333944,0.10611536489927675,0.009444522221901964
study_size_unbalanced_ratio,size_unbalanced_gaussian_equicorrelation_100_300_60_rho0p5,100,300,60,5.0,equicorrelation,0.5,0.5,unbalanced_ratio_null_size,null,gaussian,Ours-C(0.7),0.05,500,1000,0.091,0.45129199999999997,1.1764352487609333,0.7105982555989114,0.10525593640096485,0.009094998625618368
study_size_unbalanced_ratio,size_unbalanced_gaussian_equicorrelation_100_300_60_rho0p5,100,300,60,5.0,equicorrelation,0.5,0.5,unbalanced_ratio_null_size,null,gaussian,Ours-I,0.05,500,1000,0.096,0.417512,1.13766977524264,0.87145750213212,0.10575605269917288,0.009315793041926168
study_size_unbalanced_ratio,size_unbalanced_gaussian_equicorrelation_100_300_60_rho0p5,100,300,60,5.0,equicorrelation,0.5,0.5,unbalanced_ratio_null_size,null,gaussian,Wang-NR,0.05,0,1000,0.062,0.4566116002599319,-0.20166574639320725,-45.71341818923872,0.005790245500043966,0.007626008130076967
study_size_unbalanced_ratio,size_unbalanced_gaussian_equicorrelation_100_90_60_rho0p5,100,90,60,1.5,equicorrelation,0.5,0.5,unbalanced_ratio_null_size,null,gaussian,Li-Chen,0.05,0,1000,0.101,0.5741622040366064,-0.052616590347238236,-0.4880887406671258,0.0005652557011926547,0.009528850927577786
study_size_unbalanced_ratio,size_unbalanced_gaussian_equicorrelation_100_90_60_rho0p5,100,90,60,1.5,equicorrelation,0.5,0.5,unbalanced_ratio_null_size,null,gaussian,Max-bootstrap,0.05,500,1000,0.099,0.399584,3.4145189961938422,3.3370987525225635,0.07313784060173202,0.009444522221901964
study_size_unbalanced_ratio,size_unbalanced_gaussian_equicorrelation_100_90_60_rho0p5,100,90,60,1.5,equicorrelation,0.5,0.5,unbalanced_ratio_null_size,null,gaussian,Ours-C(0.3),0.05,500,1000,0.056,0.40954199999999996,1.0429662486365652,0.9622364233680951,0.07872776370239444,0.007270763371201128
study_size_unbalanced_ratio,size_unbalanced_gaussian_equicorrelation_100_90_60_rho0p5,100,90,60,1.5,equicorrelation,0.5,0.5,unbalanced_ratio_null_size,null,gaussian,Ours-C(0.5),0.05,500,1000,0.057,0.45163600000000004,1.0388950201696687,0.8226835397621848,0.07859937449649441,0.007331507348424334
study_size_unbalanced_ratio,size_unbalanced_gaussian_equicorrelation_100_90_60_rho0p5,100,90,60,1.5,equicorrelation,0.5,0.5,unbalanced_ratio_null_size,null,gaussian,Ours-C(0.7),0.05,500,1000,0.059,0.473734,1.032968169680135,0.6682164771002125,0.07837924489902798,0.007451107300260815
study_size_unbalanced_ratio,size_unbalanced_gaussian_equicorrelation_100_90_60_rho0p5,100,90,60,1.5,equicorrelation,0.5,0.5,unbalanced_ratio_null_size,null,gaussian,Ours-I,0.05,500,1000,0.061,0.45018,1.044666547123304,0.8435544563758317,0.0783028204011498,0.0075682891065286355
study_size_unbalanced_ratio,size_unbalanced_gaussian_equicorrelation_100_90_60_rho0p5,100,90,60,1.5,equicorrelation,0.5,0.5,unbalanced_ratio_null_size,null,gaussian,Wang-NR,0.05,0,1000,0.056,0.46231380729215826,1.220885473488242,-60.239489104369575,0.0011965577983064576,0.007270763371201128
study_size_unbalanced_ratio,size_unbalanced_gaussian_equicorrelation_200_120_60_rho0p5,200,120,60,2.0,equicorrelation,0.5,0.5,unbalanced_ratio_null_size,null,gaussian,Li-Chen,0.05,0,1000,0.098,0.5843119667423402,-0.08201927883366683,-0.5257245855348505,0.0007718533994629979,0.009401914698613257
study_size_unbalanced_ratio,size_unbalanced_gaussian_equicorrelation_200_120_60_rho0p5,200,120,60,2.0,equicorrelation,0.5,0.5,unbalanced_ratio_null_size,null,gaussian,Max-bootstrap,0.05,500,1000,0.136,0.349158,3.7511132860762078,3.664211012435503,0.3315133583984571,0.010839926199010766
study_size_unbalanced_ratio,size_unbalanced_gaussian_equicorrelation_200_120_60_rho0p5,200,120,60,2.0,equicorrelation,0.5,0.5,unbalanced_ratio_null_size,null,gaussian,Ours-C(0.3),0.05,500,1000,0.058,0.4144,1.0421269185068145,0.9425507959223025,0.36547142020019235,0.007391616873188166
study_size_unbalanced_ratio,size_unbalanced_gaussian_equicorrelation_200_120_60_rho0p5,200,120,60,2.0,equicorrelation,0.5,0.5,unbalanced_ratio_null_size,null,gaussian,Ours-C(0.5),0.05,500,1000,0.057,0.455338,1.035570286707718,0.7995134881982318,0.3668569593001157,0.007331507348424334
study_size_unbalanced_ratio,size_unbalanced_gaussian_equicorrelation_200_120_60_rho0p5,200,120,60,2.0,equicorrelation,0.5,0.5,unbalanced_ratio_null_size,null,gaussian,Ours-C(0.7),0.05,500,1000,0.051,0.479644,1.0237864075292245,0.6477800721739373,0.3616510994998971,0.00695693898205238
study_size_unbalanced_ratio,size_unbalanced_gaussian_equicorrelation_200_120_60_rho0p5,200,120,60,2.0,equicorrelation,0.5,0.5,unbalanced_ratio_null_size,null,gaussian,Ours-I,0.05,500,1000,0.056,0.45167599999999997,1.0377524871042256,0.8335661395849153,0.3590845922990702,0.007270763371201128
study_size_unbalanced_ratio,size_unbalanced_gaussian_equicorrelation_200_120_60_rho0p5,200,120,60,2.0,equicorrelation,0.5,0.5,unbalanced_ratio_null_size,null,gaussian,Wang-NR,0.05,0,1000,0.048,0.4673474636976073,-12.392663357597556,-224.06537670735494,0.002141177701414563,0.006759881655768835
study_size_unbalanced_ratio,size_unbalanced_gaussian_equicorrelation_200_180_60_rho0p5,200,180,60,3.0,equicorrelation,0.5,0.5,unbalanced_ratio_null_size,null,gaussian,Li-Chen,0.05,0,1000,0.1,0.5580980230841337,0.00417596528315333,-0.45960124442769945,0.0011232703004498035,0.009486832980505138
study_size_unbalanced_ratio,size_unbalanced_gaussian_equicorrelation_200_180_60_rho0p5,200,180,60,3.0,equicorrelation,0.5,0.5,unbalanced_ratio_null_size,null,gaussian,Max-bootstrap,0.05,500,1000,0.269,0.286922,3.944281639273069,3.8382402573527354,0.36501003020326606,0.014022802858202064
study_size_unbalanced_ratio,size_unbalanced_gaussian_equicorrelation_200_180_60_rho0p5,200,180,60,3.0,equicorrelation,0.5,0.5,unbalanced_ratio_null_size,null,gaussian,Ours-C(0.3),0.05,500,1000,0.093,0.371696,1.0820471689762807,0.9825201167396778,0.38515458620060233,0.009184280047995052
study_size_unbalanced_ratio,size_unbalanced_gaussian_equicorrelation_200_180_60_rho0p5,200,180,60,3.0,equicorrelation,0.5,0.5,unbalanced_ratio_null_size,null,gaussian,Ours-C(0.5),0.05,500,1000,0.095,0.413462,1.1248087547728258,0.8632853873472375,0.3859332488999935,0.00927227048785787
study_size_unbalanced_ratio,size_unbalanced_gaussian_equicorrelation_200_180_60_rho0p5,200,180,60,3.0,equicorrelation,0.5,0.5,unbalanced_ratio_null_size,null,gaussian,Ours-C(0.7),0.05,500,1000,0.084,0.44170600000000004,1.159899734193884,0.7272510820077872,0.3869242228991352,0.008771772910877254
study_size_unbalanced_ratio,size_unbalanced_gaussian_equicorrelation_200_180_60_rho0p5,200,180,60,3.0,equicorrelation,0.5,0.5,unbalanced_ratio_null_size,null,gaussian,Ours-I,0.05,500,1000,0.092,0.41444,1.1209664316257706,0.8764448236581983,0.38700870650121943,0.00913980306133562
study_size_unbalanced_ratio,size_unbalanced_gaussian_equicorrelation_200_180_60_rho0p5,200,180,60,3.0,equicorrelation,0.5,0.5,unbalanced_ratio_null_size,null,gaussian,Wang-NR,0.05,0,1000,0.058,0.4390838316635853,20.944740292143447,-181.53583723299587,0.00367996380047407,0.007391616873188166
study_size_unbalanced_ratio,size_unbalanced_gaussian_equicorrelation_200_300_60_rho0p5,200,300,60,5.0,equicorrelation,0.5,0.5,unbalanced_ratio_null_size,null,gaussian,Li-Chen,0.05,0,1000,0.111,0.5632499325389074,0.04464099192189489,-0.4273381612236714,0.0030634110022801906,0.00993373041711924
study_size_unbalanced_ratio,size_unbalanced_gaussian_equicorrelation_200_300_60_rho0p5,200,300,60,5.0,equicorrelation,0.5,0.5,unbalanced_ratio_null_size,null,gaussian,Max-bootstrap,0.05,500,1000,0.383,0.223086,4.18375940107044,4.093006301219306,0.42681680219888224,0.015372410351015223
study_size_unbalanced_ratio,size_unbalanced_gaussian_equicorrelation_200_300_60_rho0p5,200,300,60,5.0,equicorrelation,0.5,0.5,unbalanced_ratio_null_size,null,gaussian,Ours-C(0.3),0.05,500,1000,0.095,0.359604,1.1036687693716722,1.000271299443575,0.4481923778008204,0.00927227048785787
study_size_unbalanced_ratio,size_unbalanced_gaussian_equicorrelation_200_300_60_rho0p5,200,300,60,5.0,equicorrelation,0.5,0.5,unbalanced_ratio_null_size,null,gaussian,Ours-C(0.5),0.05,500,1000,0.097,0.399834,1.1709220271293677,0.8989783240387443,0.449209443700267,0.00935900635751467
study_size_unbalanced_ratio,size_unbalanced_gaussian_equicorrelation_200_300_60_rho0p5,200,300,60,5.0,equicorrelation,0.5,0.5,unbalanced_ratio_null_size,null,gaussian,Ours-C(0.7),0.05,500,1000,0.091,0.43226400000000004,1.2312450658926748,0.7680174219588365,0.4481410241993144,0.009094998625618368
study_size_unbalanced_ratio,size_unbalanced_gaussian_equicorrelation_200_300_60_rho0p5,200,300,60,5.0,equicorrelation,0.5,0.5,unbalanced_ratio_null_size,null,gaussian,Ours-I,0.05,500,1000,0.098,0.398466,1.1742819198946857,0.9011616485979491,0.4486898169988999,0.009401914698613257
study_size_unbalanced_ratio,size_unbalanced_gaussian_equicorrelation_200_300_60_rho0p5,200,300,60,5.0,equicorrelation,0.5,0.5,unbalanced_ratio_null_size,null,gaussian,Wang-NR,0.05,0,1000,0.071,0.4356251457960915,36.446279041717005,-155.98747932037202,0.007281774602248333,0.008121514637061242
study_size_unbalanced_ratio,size_unbalanced_gaussian_equicorrelation_200_90_60_rho0p5,200,90,60,1.5,equicorrelation,0.5,0.5,unbalanced_ratio_null_size,null,gaussian,Li-Chen,0.05,0,1000,0.118,0.5663504357460861,-0.0018676704902112536,-0.5103584494925191,0.000728306102566421,0.01020176455325254
study_size_unbalanced_ratio,size_unbalanced_gaussian_equicorrelation_200_90_60_rho0p5,200,90,60,1.5,equicorrelation,0.5,0.5,unbalanced_ratio_null_size,null,gaussian,Max-bootstrap,0.05,500,1000,0.108,0.367084,3.708593201121866,3.644437929884049,0.3204382753999671,0.009815090422405696
study_size_unbalanced_ratio,size_unbalanced_gaussian_equicorrelation_200_90_60_rho0p5,200,90,60,1.5,equicorrelation,0.5,0.5,unbalanced_ratio_null_size,null,gaussian,Ours-C(0.3),0.05,500,1000,0.065,0.414106,1.058776960588743,0.925635397063372,0.3489068899004487,0.007795832219846705
study_size_unbalanced_ratio,size_unbalanced_gaussian_equicorrelation_200_90_60_rho0p5,200,90,60,1.5,equicorrelation,0.5,0.5,unbalanced_ratio_null_size,null,gaussian,Ours-C(0.5),0.05,500,1000,0.065,0.448358,1.0734190090972058,0.7867244115304011,0.35037538400013,0.007795832219846705
study_size_unbalanced_ratio,size_unbalanced_gaussian_equicorrelation_200_90_60_rho0p5,200,90,60,1.5,equicorrelation,0.5,0.5,unbalanced_ratio_null_size,null,gaussian,Ours-C(0.7),0.05,500,1000,0.068,0.467614,1.086034954247821,0.6661581670088887,0.34635191899864004,0.007960904471226871
study_size_unbalanced_ratio,size_unbalanced_gaussian_equicorrelation_200_90_60_rho0p5,200,90,60,1.5,equicorrelation,0.5,0.5,unbalanced_ratio_null_size,null,gaussian,Ours-I,0.05,500,1000,0.066,0.439822,1.0663259407955532,0.8432942548090301,0.3455004209012259,0.007851369307324678
study_size_unbalanced_ratio,size_unbalanced_gaussian_equicorrelation_200_90_60_rho0p5,200,90,60,1.5,equicorrelation,0.5,0.5,unbalanced_ratio_null_size,null,gaussian,Wang-NR,0.05,0,1000,0.057,0.4538212732192214,35.053140054683425,-233.14359398659036,0.0018803628011373804,0.007331507348424334
study_size_unbalanced_ratio,size_unbalanced_gaussian_toeplitz_100_120_60_rho0p5,100,120,60,2.0,toeplitz,0.5,0.5,unbalanced_ratio_null_size,null,gaussian,Li-Chen,0.05,0,1000,0.045,0.5033267865783979,-0.002835762695520271,-0.02207639667279679,0.0006089598992839456,0.0065555320150236475
study_size_unbalanced_ratio,size_unbalanced_gaussian_toeplitz_100_120_60_rho0p5,100,120,60,2.0,toeplitz,0.5,0.5,unbalanced_ratio_null_size,null,gaussian,Max-bootstrap,0.05,500,1000,0.089,0.351906,3.909905540576663,3.8605700408068935,0.07655856450216379,0.00900438781928011
study_size_unbalanced_ratio,size_unbalanced_gaussian_toeplitz_100_120_60_rho0p5,100,120,60,2.0,toeplitz,0.5,0.5,unbalanced_ratio_null_size,null,gaussian,Ours-C(0.3),0.05,500,1000,0.057,0.39173,1.0594536308789313,0.9816629309530458,0.08084822219843045,0.007331507348424334
study_size_unbalanced_ratio,size_unbalanced_gaussian_toeplitz_100_120_60_rho0p5,100,120,60,2.0,toeplitz,0.5,0.5,unbalanced_ratio_null_size,null,gaussian,Ours-C(0.5),0.05,500,1000,0.055,0.42997,1.0757982350162403,0.8698026327091583,0.08067005670117214,0.00720936890441875
study_size_unbalanced_ratio,size_unbalanced_gaussian_toeplitz_100_120_60_rho0p5,100,120,60,2.0,toeplitz,0.5,0.5,unbalanced_ratio_null_size,null,gaussian,Ours-C(0.7),0.05,500,1000,0.052,0.455668,1.0866181079458084,0.7379019047224014,0.08144016949657816,0.007021111023192838
study_size_unbalanced_ratio,size_unbalanced_gaussian_toeplitz_100_120_60_rho0p5,100,120,60,2.0,toeplitz,0.5,0.5,unbalanced_ratio_null_size,null,gaussian,Ours-I,0.05,500,1000,0.0,0.35355200000000003,1.0460050926671118,1.0445885052043442,0.08163204280089122,0.0
study_size_unbalanced_ratio,size_unbalanced_gaussian_toeplitz_100_120_60_rho0p5,100,120,60,2.0,toeplitz,0.5,0.5,unbalanced_ratio_null_size,null,gaussian,Wang-NR,0.05,0,1000,0.011,0.4025808327750907,3.6113530954348723,3.346803470495658,0.0015364015998784453,0.003298332912245215
study_size_unbalanced_ratio,size_unbalanced_gaussian_toeplitz_100_180_60_rho0p5,100,180,60,3.0,toeplitz,0.5,0.5,unbalanced_ratio_null_size,null,gaussian,Li-Chen,0.05,0,1000,0.054,0.49837704727998067,0.009668009410728146,-0.0166847079151576,0.0007802718016318977,0.007147307185227175
study_size_unbalanced_ratio,size_unbalanced_gaussian_toeplitz_100_180_60_rho0p5,100,180,60,3.0,toeplitz,0.5,0.5,unbalanced_ratio_null_size,null,gaussian,Max-bootstrap,0.05,500,1000,0.109,0.323014,3.94150564712643,3.8917538330653314,0.08114420490001793,0.00985489725973843
study_size_unbalanced_ratio,size_unbalanced_gaussian_toeplitz_100_180_60_rho0p5,100,180,60,3.0,toeplitz,0.5,0.5,unbalanced_ratio_null_size,null,gaussian,Ours-C(0.3),0.05,500,1000,0.086,0.376772,1.0837505406312553,0.9887332761684244,0.08696095099777448,0.008865889690267977
study_size_unbalanced_ratio,size_unbalanced_gaussian_toeplitz_100_180_60_rho0p5,100,180,60,3.0,toeplitz,0.5,0.5,unbalanced_ratio_null_size,null,gaussian,Ours-C(0.5),0.05,500,1000,0.086,0.41818,1.1254538736841813,0.8795803414623008,0.08676635689777322,0.008865889690267977
study_size_unbalanced_ratio,size_unbalanced_gaussian_toeplitz_100_180_60_rho0p5,100,180,60,3.0,toeplitz,0.5,0.5,unbalanced_ratio_null_size,null,gaussian,Ours-C(0.7),0.05,500,1000,0.083,0.445416,1.1583004942629422,0.7354154187757462,0.0864766375980107,0.008724161850859944
study_size_unbalanced_ratio,size_unbalanced_gaussian_toeplitz_100_180_60_rho0p5,100,180,60,3.0,toeplitz,0.5,0.5,unbalanced_ratio_null_size,null,gaussian,Ours-I,0.05,500,1000,0.0,0.34819799999999995,1.0503567951861457,1.0495157280207306,0.08669322040246334,0.0
study_size_unbalanced_ratio,size_unbalanced_gaussian_toeplitz_100_180_60_rho0p5,100,180,60,3.0,toeplitz,0.5,0.5,unbalanced_ratio_null_size,null,gaussian,Wang-NR,0.05,0,1000,0.006,0.40252339790922814,3.294019493552496,3.0455572126877968,0.002375079598859884,0.002442130217658346
study_size_unbalanced_ratio,size_unbalanced_gaussian_toeplitz_100_300_60_rho0p5,100,300,60,5.0,toeplitz,0.5,0.5,unbalanced_ratio_null_size,null,gaussian,Li-Chen,0.05,0,1000,0.063,0.4966037185819248,0.023732215361775066,-0.02639849928054449,0.0023091656992910428,0.007683163410991596
study_size_unbalanced_ratio,size_unbalanced_gaussian_toeplitz_100_300_60_rho0p5,100,300,60,5.0,toeplitz,0.5,0.5,unbalanced_ratio_null_size,null,gaussian,Max-bootstrap,0.05,500,1000,0.176,0.269912,4.035703382810547,3.952976770454093,0.09787136020313483,0.012042591083317577
study_size_unbalanced_ratio,size_unbalanced_gaussian_toeplitz_100_300_60_rho0p5,100,300,60,5.0,toeplitz,0.5,0.5,unbalanced_ratio_null_size,null,gaussian,Ours-C(0.3),0.05,500,1000,0.095,0.370054,1.0980027598466415,1.0003867958401838,0.10232062530168332,0.00927227048785787
study_size_unbalanced_ratio,size_unbalanced_gaussian_toeplitz_100_300_60_rho0p5,100,300,60,5.0,toeplitz,0.5,0.5,unbalanced_ratio_null_size,null,gaussian,Ours-C(0.5),0.05,500,1000,0.096,0.417184,1.1484543165031231,0.8738704655744043,0.10239345640281682,0.009315793041926168
study_size_unbalanced_ratio,size_unbalanced_gaussian_toeplitz_100_300_60_rho0p5,100,300,60,5.0,toeplitz,0.5,0.5,unbalanced_ratio_null_size,null,gaussian,Ours-C(0.7),0.05,500,1000,0.087,0.45278199999999996,1.1852152818206978,0.7049444095132662,0.10215125230094418,0.00891240708226459
study_size_unbalanced_ratio,size_unbalanced_gaussian_toeplitz_100_300_60_rho0p5,100,300,60,5.0,toeplitz,0.5,0.5,unbalanced_ratio_null_size,null,gaussian,Ours-I,0.05,500,1000,0.0,0.340752,1.0577821112537076,1.0567101848152767,0.10166551750083454,0.0
study_size_unbalanced_ratio,size_unbalanced_gaussian_toeplitz_100_300_60_rho0p5,100,300,60,5.0,toeplitz,0.5,0.5,unbalanced_ratio_null_size,null,gaussian,Wang-NR,0.05,0,1000,0.005,0.40182497746406864,3.149465510117575,2.8319288861066525,0.005624754100455902,0.0022304708023195463
study_size_unbalanced_ratio,size_unbalanced_gaussian_toeplitz_100_90_60_rho0p5,100,90,60,1.5,toeplitz,0.5,0.5,unbalanced_ratio_null_size,null,gaussian,Li-Chen,0.05,0,1000,0.047,0.5109930896720656,-0.04887851792038265,-0.03967497934071877,0.000517373998882249,0.006692607862410586
study_size_unbalanced_ratio,size_unbalanced_gaussian_toeplitz_100_90_60_rho0p5,100,90,60,1.5,toeplitz,0.5,0.5,unbalanced_ratio_null_size,null,gaussian,Max-bootstrap,0.05,500,1000,0.062,0.37468799999999997,3.880501817622861,3.8391774569203703,0.07444067029771395,0.007626008130076967
study_size_unbalanced_ratio,size_unbalanced_gaussian_toeplitz_100_90_60_rho0p5,100,90,60,1.5,toeplitz,0.5,0.5,unbalanced_ratio_null_size,null,gaussian,Ours-C(0.3),0.05,500,1000,0.057,0.40574400000000005,1.0493271738770822,0.963158462131461,0.07969980579894036,0.007331507348424334
study_size_unbalanced_ratio,size_unbalanced_gaussian_toeplitz_100_90_60_rho0p5,100,90,60,1.5,toeplitz,0.5,0.5,unbalanced_ratio_null_size,null,gaussian,Ours-C(0.5),0.05,500,1000,0.063,0.449262,1.0524840163045595,0.8331967176310122,0.07989241039997433,0.007683163410991596
study_size_unbalanced_ratio,size_unbalanced_gaussian_toeplitz_100_90_60_rho0p5,100,90,60,1.5,toeplitz,0.5,0.5,unbalanced_ratio_null_size,null,gaussian,Ours-C(0.7),0.05,500,1000,0.066,0.472734,1.0534011416811377,0.6762888741699098,0.07995331700122915,0.007851369307324678
study_size_unbalanced_ratio,size_unbalanced_gaussian_toeplitz_100_90_60_rho0p5,100,90,60,1.5,toeplitz,0.5,0.5,unbalanced_ratio_null_size,null,gaussian,Ours-I,0.05,500,1000,0.0,0.358844,1.0441243188323646,1.044480651044843,0.07999484600196592,0.0
study_size_unbalanced_ratio,size_unbalanced_gaussian_toeplitz_100_90_60_rho0p5,100,90,60,1.5,toeplitz,0.5,0.5,unbalanced_ratio_null_size,null,gaussian,Wang-NR,0.05,0,1000,0.01,0.4068589799239428,3.7911681086093583,3.6905549871752186,0.001131512000109069,0.003146426544510455
study_size_unbalanced_ratio,size_unbalanced_gaussian_toeplitz_200_120_60_rho0p5,200,120,60,2.0,toeplitz,0.5,0.5,unbalanced_ratio_null_size,null,gaussian,Li-Chen,0.05,0,1000,0.045,0.5059278777556006,-0.020718357920973637,-0.014932319255317702,0.0009369411002844572,0.0065555320150236475
study_size_unbalanced_ratio,size_unbalanced_gaussian_toeplitz_200_120_60_rho0p5,200,120,60,2.0,toeplitz,0.5,0.5,unbalanced_ratio_null_size,null,gaussian,Max-bootstrap,0.05,500,1000,0.076,0.35515199999999997,4.203166192737104,4.161952268544942,0.34347786389908286,0.008379976133617566
study_size_unbalanced_ratio,size_unbalanced_gaussian_toeplitz_200_120_60_rho0p5,200,120,60,2.0,toeplitz,0.5,0.5,unbalanced_ratio_null_size,null,gaussian,Ours-C(0.3),0.05,500,1000,0.064,0.39619,1.0652575397843582,0.9593821971817433,0.37358669759961777,0.007739767438366608
study_size_unbalanced_ratio,size_unbalanced_gaussian_toeplitz_200_120_60_rho0p5,200,120,60,2.0,toeplitz,0.5,0.5,unbalanced_ratio_null_size,null,gaussian,Ours-C(0.5),0.05,500,1000,0.064,0.43528000000000006,1.0877166217499616,0.8376377719188558,0.37306916499976067,0.007739767438366608
study_size_unbalanced_ratio,size_unbalanced_gaussian_toeplitz_200_120_60_rho0p5,200,120,60,2.0,toeplitz,0.5,0.5,unbalanced_ratio_null_size,null,gaussian,Ours-C(0.7),0.05,500,1000,0.061,0.460248,1.1046112222951083,0.7014173285062633,0.37227208919555416,0.0075682891065286355
study_size_unbalanced_ratio,size_unbalanced_gaussian_toeplitz_200_120_60_rho0p5,200,120,60,2.0,toeplitz,0.5,0.5,unbalanced_ratio_null_size,null,gaussian,Ours-I,0.05,500,1000,0.0,0.349448,1.0450830825857675,1.0450505676295296,0.3708799208997516,0.0
study_size_unbalanced_ratio,size_unbalanced_gaussian_toeplitz_200_120_60_rho0p5,200,120,60,2.0,toeplitz,0.5,0.5,unbalanced_ratio_null_size,null,gaussian,Wang-NR,0.05,0,1000,0.0,0.3550077371559198,13.885806771231739,13.80712381386411,0.0027524466998875142,0.0
study_size_unbalanced_ratio,size_unbalanced_gaussian_toeplitz_200_180_60_rho0p5,200,180,60,3.0,toeplitz,0.5,0.5,unbalanced_ratio_null_size,null,gaussian,Li-Chen,0.05,0,1000,0.063,0.5076315172751881,-0.015418808748683453,-0.05123051191757044,0.0012238378006732091,0.007683163410991596
study_size_unbalanced_ratio,size_unbalanced_gaussian_toeplitz_200_180_60_rho0p5,200,180,60,3.0,toeplitz,0.5,0.5,unbalanced_ratio_null_size,null,gaussian,Max-bootstrap,0.05,500,1000,0.107,0.295076,4.270123907008322,4.231820245292345,0.3677455137987854,0.009775019181566858
study_size_unbalanced_ratio,size_unbalanced_gaussian_toeplitz_200_180_60_rho0p5,200,180,60,3.0,toeplitz,0.5,0.5,unbalanced_ratio_null_size,null,gaussian,Ours-C(0.3),0.05,500,1000,0.075,0.379474,1.0734991776262421,0.9821453931258151,0.4045412274026312,0.008329165624478841
study_size_unbalanced_ratio,size_unbalanced_gaussian_toeplitz_200_180_60_rho0p5,200,180,60,3.0,toeplitz,0.5,0.5,unbalanced_ratio_null_size,null,gaussian,Ours-C(0.5),0.05,500,1000,0.082,0.422012,1.104928819754609,0.8666836958456169,0.4046867559995735,0.008676174272108648
study_size_unbalanced_ratio,size_unbalanced_gaussian_toeplitz_200_180_60_rho0p5,200,180,60,3.0,toeplitz,0.5,0.5,unbalanced_ratio_null_size,null,gaussian,Ours-C(0.7),0.05,500,1000,0.074,0.452404,1.129028617829817,0.7138453903719784,0.4019585497985827,0.00827792244467173
study_size_unbalanced_ratio,size_unbalanced_gaussian_toeplitz_200_180_60_rho0p5,200,180,60,3.0,toeplitz,0.5,0.5,unbalanced_ratio_null_size,null,gaussian,Ours-I,0.05,500,1000,0.0,0.347638,1.0478282667640617,1.0472224385504547,0.39976129590091297,0.0
study_size_unbalanced_ratio,size_unbalanced_gaussian_toeplitz_200_180_60_rho0p5,200,180,60,3.0,toeplitz,0.5,0.5,unbalanced_ratio_null_size,null,gaussian,Wang-NR,0.05,0,1000,0.003,0.3609908052513818,12.412421921452504,11.573913243672848,0.003998619697638787,0.001729450779872038
study_size_unbalanced_ratio,size_unbalanced_gaussian_toeplitz_200_300_60_rho0p5,200,300,60,5.0,toeplitz,0.5,0.5,unbalanced_ratio_null_size,null,gaussian,Li-Chen,0.05,0,1000,0.044,0.5196731114894694,-0.06836976754050214,-0.07055984566212052,0.0030849324021255597,0.006485676526007136
study_size_unbalanced_ratio,size_unbalanced_gaussian_toeplitz_200_300_60_rho0p5,200,300,60,5.0,toeplitz,0.5,0.5,unbalanced_ratio_null_size,null,gaussian,Max-bootstrap,0.05,500,1000,0.196,0.23451,4.372697071084556,4.300113504804097,0.427450267195818,0.012553246592017541
study_size_unbalanced_ratio,size_unbalanced_gaussian_toeplitz_200_300_60_rho0p5,200,300,60,5.0,toeplitz,0.5,0.5,unbalanced_ratio_null_size,null,gaussian,Ours-C(0.3),0.05,500,1000,0.078,0.373316,1.0840586510954109,0.9887069292317088,0.4468928889990784,0.008480330182251162
study_size_unbalanced_ratio,size_unbalanced_gaussian_toeplitz_200_300_60_rho0p5,200,300,60,5.0,toeplitz,0.5,0.5,unbalanced_ratio_null_size,null,gaussian,Ours-C(0.5),0.05,500,1000,0.087,0.419762,1.1181589360030615,0.8650851222115827,0.4457158560019452,0.00891240708226459
study_size_unbalanced_ratio,size_unbalanced_gaussian_toeplitz_200_300_60_rho0p5,200,300,60,5.0,toeplitz,0.5,0.5,unbalanced_ratio_null_size,null,gaussian,Ours-C(0.7),0.05,500,1000,0.083,0.457252,1.1366356537452131,0.6949762112097329,0.4438943144964287,0.008724161850859944
study_size_unbalanced_ratio,size_unbalanced_gaussian_toeplitz_200_300_60_rho0p5,200,300,60,5.0,toeplitz,0.5,0.5,unbalanced_ratio_null_size,null,gaussian,Ours-I,0.05,500,1000,0.0,0.344954,1.05332481409692,1.0530128359823818,0.4466873789988458,0.0
study_size_unbalanced_ratio,size_unbalanced_gaussian_toeplitz_200_300_60_rho0p5,200,300,60,5.0,toeplitz,0.5,0.5,unbalanced_ratio_null_size,null,gaussian,Wang-NR,0.05,0,1000,0.0,0.36916836787017154,10.918706857433545,10.769901212331604,0.007073444299981929,0.0
study_size_unbalanced_ratio,size_unbalanced_gaussian_toeplitz_200_90_60_rho0p5,200,90,60,1.5,toeplitz,0.5,0.5,unbalanced_ratio_null_size,null,gaussian,Li-Chen,0.05,0,1000,0.046,0.4958397787080886,0.006986150969767024,0.0064396430900036,0.0007511918989475816,0.006624499981130651
study_size_unbalanced_ratio,size_unbalanced_gaussian_toeplitz_200_90_60_rho0p5,200,90,60,1.5,toeplitz,0.5,0.5,unbalanced_ratio_null_size,null,gaussian,Max-bootstrap,0.05,500,1000,0.06,0.34748,4.210721075633888,4.180448691882994,0.32209374369867144,0.007509993342207435
study_size_unbalanced_ratio,size_unbalanced_gaussian_toeplitz_200_90_60_rho0p5,200,90,60,1.5,toeplitz,0.5,0.5,unbalanced_ratio_null_size,null,gaussian,Ours-C(0.3),0.05,500,1000,0.046,0.41709199999999996,1.0384988061911253,0.9351799885389105,0.35581411159737036,0.006624499981130651
study_size_unbalanced_ratio,size_unbalanced_gaussian_toeplitz_200_90_60_rho0p5,200,90,60,1.5,toeplitz,0.5,0.5,unbalanced_ratio_null_size,null,gaussian,Ours-C(0.5),0.05,500,1000,0.046,0.453308,1.0283539414397371,0.7983645831081023,0.3552822185000405,0.006624499981130651
study_size_unbalanced_ratio,size_unbalanced_gaussian_toeplitz_200_90_60_rho0p5,200,90,60,1.5,toeplitz,0.5,0.5,unbalanced_ratio_null_size,null,gaussian,Ours-C(0.7),0.05,500,1000,0.044,0.47241000000000005,1.0157830879416831,0.6590452061984535,0.35378764669946394,0.006485676526007136
study_size_unbalanced_ratio,size_unbalanced_gaussian_toeplitz_200_90_60_rho0p5,200,90,60,1.5,toeplitz,0.5,0.5,unbalanced_ratio_null_size,null,gaussian,Ours-I,0.05,500,1000,0.0,0.346202,1.0457365614571066,1.0459117107447984,0.352236749600037,0.0
study_size_unbalanced_ratio,size_unbalanced_gaussian_toeplitz_200_90_60_rho0p5,200,90,60,1.5,toeplitz,0.5,0.5,unbalanced_ratio_null_size,null,gaussian,Wang-NR,0.05,0,1000,0.002,0.34403887860314797,16.57163871049005,16.407228015617648,0.0019212154998676852,0.0014127986409959489
study_size_unbalanced_ratio,size_unbalanced_laplace_equicorrelation_100_120_60_rho0p5,100,120,60,2.0,equicorrelation,0.5,0.5,unbalanced_ratio_null_size,null,laplace,Li-Chen,0.05,0,1000,0.133,0.5892260895106705,-0.058315921952194226,-0.6065085646739133,0.0006542901989305392,0.010738295954200556
study_size_unbalanced_ratio,size_unbalanced_laplace_equicorrelation_100_120_60_rho0p5,100,120,60,2.0,equicorrelation,0.5,0.5,unbalanced_ratio_null_size,null,laplace,Max-bootstrap,0.05,500,1000,0.1,0.411342,3.2695276752072986,3.1976907025527868,0.07416042850050143,0.009486832980505138
study_size_unbalanced_ratio,size_unbalanced_laplace_equicorrelation_100_120_60_rho0p5,100,120,60,2.0,equicorrelation,0.5,0.5,unbalanced_ratio_null_size,null,laplace,Ours-C(0.3),0.05,500,1000,0.068,0.403322,1.053672159984359,0.9475233306548052,0.08121583399944939,0.007960904471226871
study_size_unbalanced_ratio,size_unbalanced_laplace_equicorrelation_100_120_60_rho0p5,100,120,60,2.0,equicorrelation,0.5,0.5,unbalanced_ratio_null_size,null,laplace,Ours-C(0.5),0.05,500,1000,0.064,0.43479199999999996,1.068664058503067,0.8175519934162594,0.08103221900062635,0.007739767438366608
study_size_unbalanced_ratio,size_unbalanced_laplace_equicorrelation_100_120_60_rho0p5,100,120,60,2.0,equicorrelation,0.5,0.5,unbalanced_ratio_null_size,null,laplace,Ours-C(0.7),0.05,500,1000,0.064,0.454976,1.079187254310445,0.7052190464664301,0.08030613949731924,0.007739767438366608
study_size_unbalanced_ratio,size_unbalanced_laplace_equicorrelation_100_120_60_rho0p5,100,120,60,2.0,equicorrelation,0.5,0.5,unbalanced_ratio_null_size,null,laplace,Ours-I,0.05,500,1000,0.062,0.433456,1.0692306905748246,0.8345431909282094,0.08062310200126376,0.007626008130076967
study_size_unbalanced_ratio,size_unbalanced_laplace_equicorrelation_100_120_60_rho0p5,100,120,60,2.0,equicorrelation,0.5,0.5,unbalanced_ratio_null_size,null,laplace,Wang-NR,0.05,0,1000,0.049,0.4441891313668636,0.7860658363520325,-63.889246990760896,0.0016359802003717049,0.006826346021115542
study_size_unbalanced_ratio,size_unbalanced_laplace_equicorrelation_100_180_60_rho0p5,100,180,60,3.0,equicorrelation,0.5,0.5,unbalanced_ratio_null_size,null,laplace,Li-Chen,0.05,0,1000,0.157,0.5714576015918362,0.10286371259620339,-0.5258157394743769,0.0008300026007927954,0.01150439046625244
study_size_unbalanced_ratio,size_unbalanced_laplace_equicorrelation_100_180_60_rho0p5,100,180,60,3.0,equicorrelation,0.5,0.5,unbalanced_ratio_null_size,null,laplace,Max-bootstrap,0.05,500,1000,0.194,0.35776600000000003,3.4380127242935217,3.3143692397599347,0.08311355249909684,0.012504559168559283
study_size_unbalanced_ratio,size_unbalanced_laplace_equicorrelation_100_180_60_rho0p5,100,180,60,3.0,equicorrelation,0.5,0.5,unbalanced_ratio_null_size,null,laplace,Ours-C(0.3),0.05,500,1000,0.102,0.38004000000000004,1.104361624666474,0.9680542725595358,0.08904255450039636,0.009570579919733181
study_size_unbalanced_ratio,size_unbalanced_laplace_equicorrelation_100_180_60_rho0p5,100,180,60,3.0,equicorrelation,0.5,0.5,unbalanced_ratio_null_size,null,laplace,Ours-C(0.5),0.05,500,1000,0.11,0.41153,1.1795564264476874,0.8536230854834201,0.0891852668991778,0.009894442884771228
study_size_unbalanced_ratio,size_unbalanced_laplace_equicorrelation_100_180_60_rho0p5,100,180,60,3.0,equicorrelation,0.5,0.5,unbalanced_ratio_null_size,null,laplace,Ours-C(0.7),0.05,500,1000,0.101,0.433924,1.245313508251812,0.7359323759406889,0.08836999049806037,0.009528850927577786
study_size_unbalanced_ratio,size_unbalanced_laplace_equicorrelation_100_180_60_rho0p5,100,180,60,3.0,equicorrelation,0.5,0.5,unbalanced_ratio_null_size,null,laplace,Ours-I,0.05,500,1000,0.112,0.41255000000000003,1.1775038325884841,0.858823550862913,0.088111987399403,0.00997276290703835
study_size_unbalanced_ratio,size_unbalanced_laplace_equicorrelation_100_180_60_rho0p5,100,180,60,3.0,equicorrelation,0.5,0.5,unbalanced_ratio_null_size,null,laplace,Wang-NR,0.05,0,1000,0.085,0.43189528335361216,18.65041659962574,-48.70054822999197,0.0024701742992037905,0.008819013550278738
study_size_unbalanced_ratio,size_unbalanced_laplace_equicorrelation_100_300_60_rho0p5,100,300,60,5.0,equicorrelation,0.5,0.5,unbalanced_ratio_null_size,null,laplace,Li-Chen,0.05,0,1000,0.138,0.5973223335861632,-0.07585821301947569,-0.6265330743293913,0.0023267435987945648,0.01090669519148674
study_size_unbalanced_ratio,size_unbalanced_laplace_equicorrelation_100_300_60_rho0p5,100,300,60,5.0,equicorrelation,0.5,0.5,unbalanced_ratio_null_size,null,laplace,Max-bootstrap,0.05,500,1000,0.308,0.28989800000000004,3.628863761448289,3.466285091801855,0.10259806710178963,0.014599178059055242
study_size_unbalanced_ratio,size_unbalanced_laplace_equicorrelation_100_300_60_rho0p5,100,300,60,5.0,equicorrelation,0.5,0.5,unbalanced_ratio_null_size,null,laplace,Ours-C(0.3),0.05,500,1000,0.105,0.37923,1.1057940363488412,0.9694014484895375,0.10855472399666906,0.009694070352540258
study_size_unbalanced_ratio,size_unbalanced_laplace_equicorrelation_100_300_60_rho0p5,100,300,60,5.0,equicorrelation,0.5,0.5,unbalanced_ratio_null_size,null,laplace,Ours-C(0.5),0.05,500,1000,0.105,0.418404,1.182029115945347,0.8382028566325324,0.10844134530064184,0.009694070352540258
study_size_unbalanced_ratio,size_unbalanced_laplace_equicorrelation_100_300_60_rho0p5,100,300,60,5.0,equicorrelation,0.5,0.5,unbalanced_ratio_null_size,null,laplace,Ours-C(0.7),0.05,500,1000,0.097,0.44679800000000003,1.246113218066587,0.6910809144728717,0.10789089569961652,0.00935900635751467
study_size_unbalanced_ratio,size_unbalanced_laplace_equicorrelation_100_300_60_rho0p5,100,300,60,5.0,equicorrelation,0.5,0.5,unbalanced_ratio_null_size,null,laplace,Ours-I,0.05,500,1000,0.1,0.419586,1.1753177000025132,0.8453485125684236,0.10791591340280138,0.009486832980505138
study_size_unbalanced_ratio,size_unbalanced_laplace_equicorrelation_100_300_60_rho0p5,100,300,60,5.0,equicorrelation,0.5,0.5,unbalanced_ratio_null_size,null,laplace,Wang-NR,0.05,0,1000,0.076,0.44894149548346796,0.8006732313087589,-53.6845858572226,0.005862107202992775,0.008379976133617566
study_size_unbalanced_ratio,size_unbalanced_laplace_equicorrelation_100_90_60_rho0p5,100,90,60,1.5,equicorrelation,0.5,0.5,unbalanced_ratio_null_size,null,laplace,Li-Chen,0.05,0,1000,0.119,0.5992533109142509,-0.12068078914618326,-0.6039740945806499,0.0006013464995194227,0.010239091756596383
study_size_unbalanced_ratio,size_unbalanced_laplace_equicorrelation_100_90_60_rho0p5,100,90,60,1.5,equicorrelation,0.5,0.5,unbalanced_ratio_null_size,null,laplace,Max-bootstrap,0.05,500,1000,0.051,0.45209,3.1981991537449623,3.1567622754967988,0.07374968379945494,0.00695693898205238
study_size_unbalanced_ratio,size_unbalanced_laplace_equicorrelation_100_90_60_rho0p5,100,90,60,1.5,equicorrelation,0.5,0.5,unbalanced_ratio_null_size,null,laplace,Ours-C(0.3),0.05,500,1000,0.05,0.412992,1.038505335778614,0.9461398011126323,0.07974925839796197,0.006892024376045111
study_size_unbalanced_ratio,size_unbalanced_laplace_equicorrelation_100_90_60_rho0p5,100,90,60,1.5,equicorrelation,0.5,0.5,unbalanced_ratio_null_size,null,laplace,Ours-C(0.5),0.05,500,1000,0.052,0.446652,1.0333059604077752,0.8171833456480373,0.07971210819995031,0.007021111023192838
study_size_unbalanced_ratio,size_unbalanced_laplace_equicorrelation_100_90_60_rho0p5,100,90,60,1.5,equicorrelation,0.5,0.5,unbalanced_ratio_null_size,null,laplace,Ours-C(0.7),0.05,500,1000,0.05,0.463312,1.0254977778991965,0.6867598713873369,0.07886105889989994,0.006892024376045111
study_size_unbalanced_ratio,size_unbalanced_laplace_equicorrelation_100_90_60_rho0p5,100,90,60,1.5,equicorrelation,0.5,0.5,unbalanced_ratio_null_size,null,laplace,Ours-I,0.05,500,1000,0.051,0.447964,1.0289360245150605,0.8326316854367997,0.07884729480242822,0.00695693898205238
study_size_unbalanced_ratio,size_unbalanced_laplace_equicorrelation_100_90_60_rho0p5,100,90,60,1.5,equicorrelation,0.5,0.5,unbalanced_ratio_null_size,null,laplace,Wang-NR,0.05,0,1000,0.041,0.45709175900330173,-2.3578912543429174,-67.31946817356727,0.001309152300702408,0.006270486424512854
study_size_unbalanced_ratio,size_unbalanced_laplace_equicorrelation_200_120_60_rho0p5,200,120,60,2.0,equicorrelation,0.5,0.5,unbalanced_ratio_null_size,null,laplace,Li-Chen,0.05,0,1000,0.114,0.6093938817704607,-0.16102818907180771,-0.6506268144109575,0.000796677503734827,0.010050074626588601
study_size_unbalanced_ratio,size_unbalanced_laplace_equicorrelation_200_120_60_rho0p5,200,120,60,2.0,equicorrelation,0.5,0.5,unbalanced_ratio_null_size,null,laplace,Max-bootstrap,0.05,500,1000,0.094,0.41746,3.5163326946857882,3.433358874097448,0.3312805366982939,0.009228434320078352
study_size_unbalanced_ratio,size_unbalanced_laplace_equicorrelation_200_120_60_rho0p5,200,120,60,2.0,equicorrelation,0.5,0.5,unbalanced_ratio_null_size,null,laplace,Ours-C(0.3),0.05,500,1000,0.059,0.42199400000000004,1.0335327043467195,0.925649198516991,0.35982122340076605,0.007451107300260815
study_size_unbalanced_ratio,size_unbalanced_laplace_equicorrelation_200_120_60_rho0p5,200,120,60,2.0,equicorrelation,0.5,0.5,unbalanced_ratio_null_size,null,laplace,Ours-C(0.5),0.05,500,1000,0.062,0.456526,1.0234885223359744,0.7725945197059095,0.3613148063987028,0.007626008130076967
study_size_unbalanced_ratio,size_unbalanced_laplace_equicorrelation_200_120_60_rho0p5,200,120,60,2.0,equicorrelation,0.5,0.5,unbalanced_ratio_null_size,null,laplace,Ours-C(0.7),0.05,500,1000,0.062,0.476452,1.010534266184811,0.631811632835759,0.35774197629932314,0.007626008130076967
study_size_unbalanced_ratio,size_unbalanced_laplace_equicorrelation_200_120_60_rho0p5,200,120,60,2.0,equicorrelation,0.5,0.5,unbalanced_ratio_null_size,null,laplace,Ours-I,0.05,500,1000,0.061,0.449142,1.0312966606804195,0.8227937161402493,0.35602705310075544,0.0075682891065286355
study_size_unbalanced_ratio,size_unbalanced_laplace_equicorrelation_200_120_60_rho0p5,200,120,60,2.0,equicorrelation,0.5,0.5,unbalanced_ratio_null_size,null,laplace,Wang-NR,0.05,0,1000,0.053,0.45815541821999184,-39.64692728780688,-261.23384069618373,0.0021698301007272674,0.00708456067798138
study_size_unbalanced_ratio,size_unbalanced_laplace_equicorrelation_200_180_60_rho0p5,200,180,60,3.0,equicorrelation,0.5,0.5,unbalanced_ratio_null_size,null,laplace,Li-Chen,0.05,0,1000,0.147,0.5819478632179141,0.024770693886076337,-0.5619746782897955,0.0011462375003611668,0.011197812286335219
study_size_unbalanced_ratio,size_unbalanced_laplace_equicorrelation_200_180_60_rho0p5,200,180,60,3.0,equicorrelation,0.5,0.5,unbalanced_ratio_null_size,null,laplace,Max-bootstrap,0.05,500,1000,0.19,0.336642,3.7053915219788314,3.5855715163704303,0.3540886026999215,0.012405643876881199
study_size_unbalanced_ratio,size_unbalanced_laplace_equicorrelation_200_180_60_rho0p5,200,180,60,3.0,equicorrelation,0.5,0.5,unbalanced_ratio_null_size,null,laplace,Ours-C(0.3),0.05,500,1000,0.1,0.38214800000000004,1.090664459591362,0.9674652637711615,0.3877592060010647,0.009486832980505138
study_size_unbalanced_ratio,size_unbalanced_laplace_equicorrelation_200_180_60_rho0p5,200,180,60,3.0,equicorrelation,0.5,0.5,unbalanced_ratio_null_size,null,laplace,Ours-C(0.5),0.05,500,1000,0.096,0.418238,1.149092356797187,0.8494823366472084,0.38744053480343427,0.009315793041926168
study_size_unbalanced_ratio,size_unbalanced_laplace_equicorrelation_200_180_60_rho0p5,200,180,60,3.0,equicorrelation,0.5,0.5,unbalanced_ratio_null_size,null,laplace,Ours-C(0.7),0.05,500,1000,0.091,0.44342000000000004,1.1967607447850008,0.7309623269188033,0.3849064026982523,0.009094998625618368
study_size_unbalanced_ratio,size_unbalanced_laplace_equicorrelation_200_180_60_rho0p5,200,180,60,3.0,equicorrelation,0.5,0.5,unbalanced_ratio_null_size,null,laplace,Ours-I,0.05,500,1000,0.096,0.418964,1.1428265988282262,0.8568936808856332,0.3830542961047031,0.009315793041926168
study_size_unbalanced_ratio,size_unbalanced_laplace_equicorrelation_200_180_60_rho0p5,200,180,60,3.0,equicorrelation,0.5,0.5,unbalanced_ratio_null_size,null,laplace,Wang-NR,0.05,0,1000,0.069,0.43833405474953796,47.66591445408553,-204.99858997365607,0.00372541460103821,0.008014923580421713
study_size_unbalanced_ratio,size_unbalanced_laplace_equicorrelation_200_300_60_rho0p5,200,300,60,5.0,equicorrelation,0.5,0.5,unbalanced_ratio_null_size,null,laplace,Li-Chen,0.05,0,1000,0.15,0.5822377763786059,0.022531616341772275,-0.5823235232382483,0.0030239882980240508,0.011291589790636216
study_size_unbalanced_ratio,size_unbalanced_laplace_equicorrelation_200_300_60_rho0p5,200,300,60,5.0,equicorrelation,0.5,0.5,unbalanced_ratio_null_size,null,laplace,Max-bootstrap,0.05,500,1000,0.324,0.25758,3.958771122030594,3.901022172011678,0.41585393239813856,0.014799459449588015
study_size_unbalanced_ratio,size_unbalanced_laplace_equicorrelation_200_300_60_rho0p5,200,300,60,5.0,equicorrelation,0.5,0.5,unbalanced_ratio_null_size,null,laplace,Ours-C(0.3),0.05,500,1000,0.112,0.364452,1.1157643754553297,0.9853889985396862,0.43910344609990715,0.00997276290703835
study_size_unbalanced_ratio,size_unbalanced_laplace_equicorrelation_200_300_60_rho0p5,200,300,60,5.0,equicorrelation,0.5,0.5,unbalanced_ratio_null_size,null,laplace,Ours-C(0.5),0.05,500,1000,0.105,0.40287799999999996,1.2046054864653528,0.87801023229547,0.4383320097984979,0.009694070352540258
study_size_unbalanced_ratio,size_unbalanced_laplace_equicorrelation_200_300_60_rho0p5,200,300,60,5.0,equicorrelation,0.5,0.5,unbalanced_ratio_null_size,null,laplace,Ours-C(0.7),0.05,500,1000,0.101,0.43153800000000003,1.2783662104609708,0.7469073555864683,0.435967330999556,0.009528850927577786
study_size_unbalanced_ratio,size_unbalanced_laplace_equicorrelation_200_300_60_rho0p5,200,300,60,5.0,equicorrelation,0.5,0.5,unbalanced_ratio_null_size,null,laplace,Ours-I,0.05,500,1000,0.111,0.402154,1.2099616224837413,0.87431864104843,0.43691053380118683,0.00993373041711924
study_size_unbalanced_ratio,size_unbalanced_laplace_equicorrelation_200_300_60_rho0p5,200,300,60,5.0,equicorrelation,0.5,0.5,unbalanced_ratio_null_size,null,laplace,Wang-NR,0.05,0,1000,0.077,0.43286214782546123,50.710623177546445,-191.2413362908742,0.00705038589972537,0.00843036179532053
study_size_unbalanced_ratio,size_unbalanced_laplace_equicorrelation_200_90_60_rho0p5,200,90,60,1.5,equicorrelation,0.5,0.5,unbalanced_ratio_null_size,null,laplace,Li-Chen,0.05,0,1000,0.128,0.5937593916336547,-0.07007671334947743,-0.6468806625892385,0.0007321873995242641,0.010564847372300274
study_size_unbalanced_ratio,size_unbalanced_laplace_equicorrelation_200_90_60_rho0p5,200,90,60,1.5,equicorrelation,0.5,0.5,unbalanced_ratio_null_size,null,laplace,Max-bootstrap,0.05,500,1000,0.074,0.439342,3.4776776790460975,3.432100270215862,0.3066299462998286,0.00827792244467173
study_size_unbalanced_ratio,size_unbalanced_laplace_equicorrelation_200_90_60_rho0p5,200,90,60,1.5,equicorrelation,0.5,0.5,unbalanced_ratio_null_size,null,laplace,Ours-C(0.3),0.05,500,1000,0.06,0.427452,1.0472466255449664,0.8989033703801363,0.34076280719961505,0.007509993342207435
study_size_unbalanced_ratio,size_unbalanced_laplace_equicorrelation_200_90_60_rho0p5,200,90,60,1.5,equicorrelation,0.5,0.5,unbalanced_ratio_null_size,null,laplace,Ours-C(0.5),0.05,500,1000,0.05,0.46051,1.0474651350815118,0.75267220664199,0.3396586334002204,0.006892024376045111
study_size_unbalanced_ratio,size_unbalanced_laplace_equicorrelation_200_90_60_rho0p5,200,90,60,1.5,equicorrelation,0.5,0.5,unbalanced_ratio_null_size,null,laplace,Ours-C(0.7),0.05,500,1000,0.052,0.475568,1.0445754998381467,0.628208365157479,0.3364452403000323,0.007021111023192838
study_size_unbalanced_ratio,size_unbalanced_laplace_equicorrelation_200_90_60_rho0p5,200,90,60,1.5,equicorrelation,0.5,0.5,unbalanced_ratio_null_size,null,laplace,Ours-I,0.05,500,1000,0.052,0.45121,1.0482666103576177,0.8106155357228508,0.3363028613984352,0.007021111023192838
study_size_unbalanced_ratio,size_unbalanced_laplace_equicorrelation_200_90_60_rho0p5,200,90,60,1.5,equicorrelation,0.5,0.5,unbalanced_ratio_null_size,null,laplace,Wang-NR,0.05,0,1000,0.048,0.45880332604887564,12.016139022309364,-271.0361319213513,0.0018788791021797807,0.006759881655768835
study_size_unbalanced_ratio,size_unbalanced_laplace_toeplitz_100_120_60_rho0p5,100,120,60,2.0,toeplitz,0.5,0.5,unbalanced_ratio_null_size,null,laplace,Li-Chen,0.05,0,1000,0.067,0.5023256478593492,0.0015762200106868036,-0.003967587550415531,0.0005828441990306601,0.007906389820898032
study_size_unbalanced_ratio,size_unbalanced_laplace_toeplitz_100_120_60_rho0p5,100,120,60,2.0,toeplitz,0.5,0.5,unbalanced_ratio_null_size,null,laplace,Max-bootstrap,0.05,500,1000,0.048,0.43653800000000004,3.7951635746803345,3.7572567734843085,0.0773402778004529,0.006759881655768835
study_size_unbalanced_ratio,size_unbalanced_laplace_toeplitz_100_120_60_rho0p5,100,120,60,2.0,toeplitz,0.5,0.5,unbalanced_ratio_null_size,null,laplace,Ours-C(0.3),0.05,500,1000,0.054,0.409928,1.0431016294356343,0.9693873765028007,0.08386194969783536,0.007147307185227175
study_size_unbalanced_ratio,size_unbalanced_laplace_toeplitz_100_120_60_rho0p5,100,120,60,2.0,toeplitz,0.5,0.5,unbalanced_ratio_null_size,null,laplace,Ours-C(0.5),0.05,500,1000,0.052,0.447492,1.0421460231034607,0.8518927875255775,0.08361969079938718,0.007021111023192838
study_size_unbalanced_ratio,size_unbalanced_laplace_toeplitz_100_120_60_rho0p5,100,120,60,2.0,toeplitz,0.5,0.5,unbalanced_ratio_null_size,null,laplace,Ours-C(0.7),0.05,500,1000,0.05,0.47134,1.03785261827057,0.7044585591232748,0.08334311320038978,0.006892024376045111
study_size_unbalanced_ratio,size_unbalanced_laplace_toeplitz_100_120_60_rho0p5,100,120,60,2.0,toeplitz,0.5,0.5,unbalanced_ratio_null_size,null,laplace,Ours-I,0.05,500,1000,0.0,0.355862,1.0454913058055033,1.0446258534549262,0.08333439260278828,0.0
study_size_unbalanced_ratio,size_unbalanced_laplace_toeplitz_100_120_60_rho0p5,100,120,60,2.0,toeplitz,0.5,0.5,unbalanced_ratio_null_size,null,laplace,Wang-NR,0.05,0,1000,0.002,0.4084750599572262,3.903891865494049,3.7247423925840906,0.001496213399572298,0.0014127986409959489
study_size_unbalanced_ratio,size_unbalanced_laplace_toeplitz_100_180_60_rho0p5,100,180,60,3.0,toeplitz,0.5,0.5,unbalanced_ratio_null_size,null,laplace,Li-Chen,0.05,0,1000,0.069,0.5080744842137862,-0.020874824353997814,-0.022461140907877104,0.0007629972993163391,0.008014923580421713
study_size_unbalanced_ratio,size_unbalanced_laplace_toeplitz_100_180_60_rho0p5,100,180,60,3.0,toeplitz,0.5,0.5,unbalanced_ratio_null_size,null,laplace,Max-bootstrap,0.05,500,1000,0.061,0.395818,3.8334573189286765,3.787957965346946,0.08235606420249678,0.0075682891065286355
study_size_unbalanced_ratio,size_unbalanced_laplace_toeplitz_100_180_60_rho0p5,100,180,60,3.0,toeplitz,0.5,0.5,unbalanced_ratio_null_size,null,laplace,Ours-C(0.3),0.05,500,1000,0.091,0.39378199999999997,1.0734904269108112,0.9742796965414897,0.08839388260035776,0.009094998625618368
study_size_unbalanced_ratio,size_unbalanced_laplace_toeplitz_100_180_60_rho0p5,100,180,60,3.0,toeplitz,0.5,0.5,unbalanced_ratio_null_size,null,laplace,Ours-C(0.5),0.05,500,1000,0.088,0.435536,1.1060801701910827,0.8389731464637428,0.08806102560029831,0.008958571314668427
study_size_unbalanced_ratio,size_unbalanced_laplace_toeplitz_100_180_60_rho0p5,100,180,60,3.0,toeplitz,0.5,0.5,unbalanced_ratio_null_size,null,laplace,Ours-C(0.7),0.05,500,1000,0.082,0.46487,1.1300941909409912,0.6781993160537017,0.08783576299902052,0.008676174272108648
study_size_unbalanced_ratio,size_unbalanced_laplace_toeplitz_100_180_60_rho0p5,100,180,60,3.0,toeplitz,0.5,0.5,unbalanced_ratio_null_size,null,laplace,Ours-I,0.05,500,1000,0.0,0.34917200000000004,1.049656198491392,1.0493637498216382,0.0877634051006753,0.0
study_size_unbalanced_ratio,size_unbalanced_laplace_toeplitz_100_180_60_rho0p5,100,180,60,3.0,toeplitz,0.5,0.5,unbalanced_ratio_null_size,null,laplace,Wang-NR,0.05,0,1000,0.002,0.4112250116560226,3.292124377047616,3.1462367948243752,0.0023182644990738482,0.0014127986409959489
study_size_unbalanced_ratio,size_unbalanced_laplace_toeplitz_100_300_60_rho0p5,100,300,60,5.0,toeplitz,0.5,0.5,unbalanced_ratio_null_size,null,laplace,Li-Chen,0.05,0,1000,0.074,0.48500514270795153,0.07327941844961336,0.02275933875939603,0.002288152799475938,0.00827792244467173
study_size_unbalanced_ratio,size_unbalanced_laplace_toeplitz_100_300_60_rho0p5,100,300,60,5.0,toeplitz,0.5,0.5,unbalanced_ratio_null_size,null,laplace,Max-bootstrap,0.05,500,1000,0.197,0.274688,4.035268953724018,3.947186448158441,0.09865119570144452,0.012577400367325514
study_size_unbalanced_ratio,size_unbalanced_laplace_toeplitz_100_300_60_rho0p5,100,300,60,5.0,toeplitz,0.5,0.5,unbalanced_ratio_null_size,null,laplace,Ours-C(0.3),0.05,500,1000,0.094,0.37711399999999995,1.09269613635917,0.9890262469814328,0.10372138460166752,0.009228434320078352
study_size_unbalanced_ratio,size_unbalanced_laplace_toeplitz_100_300_60_rho0p5,100,300,60,5.0,toeplitz,0.5,0.5,unbalanced_ratio_null_size,null,laplace,Ours-C(0.5),0.05,500,1000,0.093,0.425648,1.1302624868543922,0.8501341067630626,0.10361676350329072,0.009184280047995052
study_size_unbalanced_ratio,size_unbalanced_laplace_toeplitz_100_300_60_rho0p5,100,300,60,5.0,toeplitz,0.5,0.5,unbalanced_ratio_null_size,null,laplace,Ours-C(0.7),0.05,500,1000,0.084,0.46294,1.149016538289786,0.6835878821783921,0.10360318449884653,0.008771772910877254
study_size_unbalanced_ratio,size_unbalanced_laplace_toeplitz_100_300_60_rho0p5,100,300,60,5.0,toeplitz,0.5,0.5,unbalanced_ratio_null_size,null,laplace,Ours-I,0.05,500,1000,0.0,0.333752,1.0611602501033879,1.0616705092983352,0.10352356540213804,0.0
study_size_unbalanced_ratio,size_unbalanced_laplace_toeplitz_100_300_60_rho0p5,100,300,60,5.0,toeplitz,0.5,0.5,unbalanced_ratio_null_size,null,laplace,Wang-NR,0.05,0,1000,0.0,0.4007526481915792,3.6521697880933166,3.285723703188907,0.005619006397784687,0.0
study_size_unbalanced_ratio,size_unbalanced_laplace_toeplitz_100_90_60_rho0p5,100,90,60,1.5,toeplitz,0.5,0.5,unbalanced_ratio_null_size,null,laplace,Li-Chen,0.05,0,1000,0.054,0.5068884799992879,-0.022572919030324778,-0.040942882700237576,0.0004961340012960136,0.007147307185227175
study_size_unbalanced_ratio,size_unbalanced_laplace_toeplitz_100_90_60_rho0p5,100,90,60,1.5,toeplitz,0.5,0.5,unbalanced_ratio_null_size,null,laplace,Max-bootstrap,0.05,500,1000,0.045,0.466886,3.757359882976035,3.71520031822458,0.07561538870097138,0.0065555320150236475
study_size_unbalanced_ratio,size_unbalanced_laplace_toeplitz_100_90_60_rho0p5,100,90,60,1.5,toeplitz,0.5,0.5,unbalanced_ratio_null_size,null,laplace,Ours-C(0.3),0.05,500,1000,0.063,0.39711599999999997,1.0632505481336922,0.9708338926112983,0.08074229530140292,0.007683163410991596
study_size_unbalanced_ratio,size_unbalanced_laplace_toeplitz_100_90_60_rho0p5,100,90,60,1.5,toeplitz,0.5,0.5,unbalanced_ratio_null_size,null,laplace,Ours-C(0.5),0.05,500,1000,0.063,0.434108,1.087969057736467,0.8512938934465843,0.08071791500190739,0.007683163410991596
study_size_unbalanced_ratio,size_unbalanced_laplace_toeplitz_100_90_60_rho0p5,100,90,60,1.5,toeplitz,0.5,0.5,unbalanced_ratio_null_size,null,laplace,Ours-C(0.7),0.05,500,1000,0.062,0.455944,1.1129575652323092,0.70999270094082,0.07987254810065497,0.007626008130076967
study_size_unbalanced_ratio,size_unbalanced_laplace_toeplitz_100_90_60_rho0p5,100,90,60,1.5,toeplitz,0.5,0.5,unbalanced_ratio_null_size,null,laplace,Ours-I,0.05,500,1000,0.0,0.36017,1.0437131235528492,1.0446467286491696,0.07995302140130661,0.0
study_size_unbalanced_ratio,size_unbalanced_laplace_toeplitz_100_90_60_rho0p5,100,90,60,1.5,toeplitz,0.5,0.5,unbalanced_ratio_null_size,null,laplace,Wang-NR,0.05,0,1000,0.0,0.4077707714206236,4.253928457179168,3.9945010150111244,0.0010938163999235258,0.0
study_size_unbalanced_ratio,size_unbalanced_laplace_toeplitz_200_120_60_rho0p5,200,120,60,2.0,toeplitz,0.5,0.5,unbalanced_ratio_null_size,null,laplace,Li-Chen,0.05,0,1000,0.064,0.5216902291263671,-0.0703138730911451,-0.09573307798588437,0.0008968255976215005,0.007739767438366608
study_size_unbalanced_ratio,size_unbalanced_laplace_toeplitz_200_120_60_rho0p5,200,120,60,2.0,toeplitz,0.5,0.5,unbalanced_ratio_null_size,null,laplace,Max-bootstrap,0.05,500,1000,0.045,0.43812599999999996,4.102564988191612,4.059468069378129,0.33316904010099824,0.0065555320150236475
study_size_unbalanced_ratio,size_unbalanced_laplace_toeplitz_200_120_60_rho0p5,200,120,60,2.0,toeplitz,0.5,0.5,unbalanced_ratio_null_size,null,laplace,Ours-C(0.3),0.05,500,1000,0.069,0.39731,1.0634286699861657,0.9581541245995713,0.3666370237007504,0.008014923580421713
study_size_unbalanced_ratio,size_unbalanced_laplace_toeplitz_200_120_60_rho0p5,200,120,60,2.0,toeplitz,0.5,0.5,unbalanced_ratio_null_size,null,laplace,Ours-C(0.5),0.05,500,1000,0.073,0.43548000000000003,1.0868909252726524,0.8360082685552013,0.36652640929841435,0.008226238508577295
study_size_unbalanced_ratio,size_unbalanced_laplace_toeplitz_200_120_60_rho0p5,200,120,60,2.0,toeplitz,0.5,0.5,unbalanced_ratio_null_size,null,laplace,Ours-C(0.7),0.05,500,1000,0.069,0.457552,1.1065289954047828,0.6879119970214703,0.3652756142998114,0.008014923580421713
study_size_unbalanced_ratio,size_unbalanced_laplace_toeplitz_200_120_60_rho0p5,200,120,60,2.0,toeplitz,0.5,0.5,unbalanced_ratio_null_size,null,laplace,Ours-I,0.05,500,1000,0.0,0.355498,1.042643798443188,1.0422513261807844,0.36295930700004103,0.0
study_size_unbalanced_ratio,size_unbalanced_laplace_toeplitz_200_120_60_rho0p5,200,120,60,2.0,toeplitz,0.5,0.5,unbalanced_ratio_null_size,null,laplace,Wang-NR,0.05,0,1000,0.001,0.38197503883243206,13.476686579390915,12.80780907433649,0.002614361000014469,0.0009994998749374609
study_size_unbalanced_ratio,size_unbalanced_laplace_toeplitz_200_180_60_rho0p5,200,180,60,3.0,toeplitz,0.5,0.5,unbalanced_ratio_null_size,null,laplace,Li-Chen,0.05,0,1000,0.05,0.5043915595255836,-0.022199089955347806,-0.020039813472060547,0.0012071241989033297,0.006892024376045111
study_size_unbalanced_ratio,size_unbalanced_laplace_toeplitz_200_180_60_rho0p5,200,180,60,3.0,toeplitz,0.5,0.5,unbalanced_ratio_null_size,null,laplace,Max-bootstrap,0.05,500,1000,0.052,0.396346,4.132102585489036,4.087859998657503,0.3677320283987792,0.007021111023192838
study_size_unbalanced_ratio,size_unbalanced_laplace_toeplitz_200_180_60_rho0p5,200,180,60,3.0,toeplitz,0.5,0.5,unbalanced_ratio_null_size,null,laplace,Ours-C(0.3),0.05,500,1000,0.062,0.38194,1.0724735942029964,0.9826721784961292,0.40153961920074654,0.007626008130076967
study_size_unbalanced_ratio,size_unbalanced_laplace_toeplitz_200_180_60_rho0p5,200,180,60,3.0,toeplitz,0.5,0.5,unbalanced_ratio_null_size,null,laplace,Ours-C(0.5),0.05,500,1000,0.066,0.422622,1.1037773076208959,0.8660353287785817,0.4015388698003953,0.007851369307324678
study_size_unbalanced_ratio,size_unbalanced_laplace_toeplitz_200_180_60_rho0p5,200,180,60,3.0,toeplitz,0.5,0.5,unbalanced_ratio_null_size,null,laplace,Ours-C(0.7),0.05,500,1000,0.064,0.451478,1.1256107850987804,0.7197757012151572,0.39863225110201167,0.007739767438366608
study_size_unbalanced_ratio,size_unbalanced_laplace_toeplitz_200_180_60_rho0p5,200,180,60,3.0,toeplitz,0.5,0.5,unbalanced_ratio_null_size,null,laplace,Ours-I,0.05,500,1000,0.0,0.35025799999999996,1.0465691323021982,1.0471333840717199,0.39635424079967196,0.0
study_size_unbalanced_ratio,size_unbalanced_laplace_toeplitz_200_180_60_rho0p5,200,180,60,3.0,toeplitz,0.5,0.5,unbalanced_ratio_null_size,null,laplace,Wang-NR,0.05,0,1000,0.0,0.3801832642031217,12.645475140728474,12.522640268897305,0.0038016823009820655,0.0
study_size_unbalanced_ratio,size_unbalanced_laplace_toeplitz_200_300_60_rho0p5,200,300,60,5.0,toeplitz,0.5,0.5,unbalanced_ratio_null_size,null,laplace,Li-Chen,0.05,0,1000,0.057,0.5030316894187925,0.00011844080112632683,-0.027520580215050952,0.00336745350190904,0.007331507348424334
study_size_unbalanced_ratio,size_unbalanced_laplace_toeplitz_200_300_60_rho0p5,200,300,60,5.0,toeplitz,0.5,0.5,unbalanced_ratio_null_size,null,laplace,Max-bootstrap,0.05,500,1000,0.201,0.2704,4.324673994587888,4.248559108517025,0.4427530518992571,0.012672766075328622
study_size_unbalanced_ratio,size_unbalanced_laplace_toeplitz_200_300_60_rho0p5,200,300,60,5.0,toeplitz,0.5,0.5,unbalanced_ratio_null_size,null,laplace,Ours-C(0.3),0.05,500,1000,0.106,0.3654,1.0981269873784099,0.9922781349450436,0.4705302450001473,0.009734680272099337
study_size_unbalanced_ratio,size_unbalanced_laplace_toeplitz_200_300_60_rho0p5,200,300,60,5.0,toeplitz,0.5,0.5,unbalanced_ratio_null_size,null,laplace,Ours-C(0.5),0.05,500,1000,0.106,0.406126,1.1522888784012422,0.882978665310447,0.46849509860016403,0.009734680272099337
study_size_unbalanced_ratio,size_unbalanced_laplace_toeplitz_200_300_60_rho0p5,200,300,60,5.0,toeplitz,0.5,0.5,unbalanced_ratio_null_size,null,laplace,Ours-C(0.7),0.05,500,1000,0.088,0.44106,1.1913828522530965,0.7271295666858064,0.4643818865993526,0.008958571314668427
study_size_unbalanced_ratio,size_unbalanced_laplace_toeplitz_200_300_60_rho0p5,200,300,60,5.0,toeplitz,0.5,0.5,unbalanced_ratio_null_size,null,laplace,Ours-I,0.05,500,1000,0.0,0.344812,1.0532584199041855,1.053091368538644,0.46573140430205967,0.0
study_size_unbalanced_ratio,size_unbalanced_laplace_toeplitz_200_300_60_rho0p5,200,300,60,5.0,toeplitz,0.5,0.5,unbalanced_ratio_null_size,null,laplace,Wang-NR,0.05,0,1000,0.0,0.3804384107414411,12.104910469134802,11.90165095834891,0.00800622130080592,0.0
study_size_unbalanced_ratio,size_unbalanced_laplace_toeplitz_200_90_60_rho0p5,200,90,60,1.5,toeplitz,0.5,0.5,unbalanced_ratio_null_size,null,laplace,Li-Chen,0.05,0,1000,0.056,0.5110559409904826,-0.041040720614112326,-0.04800770823116154,0.0007809011019999162,0.007270763371201128
study_size_unbalanced_ratio,size_unbalanced_laplace_toeplitz_200_90_60_rho0p5,200,90,60,1.5,toeplitz,0.5,0.5,unbalanced_ratio_null_size,null,laplace,Max-bootstrap,0.05,500,1000,0.043,0.45424200000000003,4.08068816501006,4.044234118195764,0.3217961421991931,0.006414904519944158
study_size_unbalanced_ratio,size_unbalanced_laplace_toeplitz_200_90_60_rho0p5,200,90,60,1.5,toeplitz,0.5,0.5,unbalanced_ratio_null_size,null,laplace,Ours-C(0.3),0.05,500,1000,0.051,0.41225799999999996,1.0477423033613675,0.9357834321497035,0.3551084429989569,0.00695693898205238
study_size_unbalanced_ratio,size_unbalanced_laplace_toeplitz_200_90_60_rho0p5,200,90,60,1.5,toeplitz,0.5,0.5,unbalanced_ratio_null_size,null,laplace,Ours-C(0.5),0.05,500,1000,0.047,0.446892,1.05190244570494,0.8032557632171466,0.3551098430994898,0.006692607862410586
study_size_unbalanced_ratio,size_unbalanced_laplace_toeplitz_200_90_60_rho0p5,200,90,60,1.5,toeplitz,0.5,0.5,unbalanced_ratio_null_size,null,laplace,Ours-C(0.7),0.05,500,1000,0.05,0.464864,1.0550054970645824,0.6662935361864798,0.3532366597973742,0.006892024376045111
study_size_unbalanced_ratio,size_unbalanced_laplace_toeplitz_200_90_60_rho0p5,200,90,60,1.5,toeplitz,0.5,0.5,unbalanced_ratio_null_size,null,laplace,Ours-I,0.05,500,1000,0.0,0.353636,1.0432140039597093,1.0425357240801705,0.3526002521974733,0.0
study_size_unbalanced_ratio,size_unbalanced_laplace_toeplitz_200_90_60_rho0p5,200,90,60,1.5,toeplitz,0.5,0.5,unbalanced_ratio_null_size,null,laplace,Wang-NR,0.05,0,1000,0.0,0.3725981186738354,16.15577508816411,15.678537483850505,0.001998604400199838,0.0
